0;-0.01792471;0.05843645;0.02400856;-0.01357498;-0.06669978;-0.04984979;-0.04799818;-0.15210067;0.02774455;-0.06383028;0.29623920;-0.06993216;-0.17648856;-0.13370222;0.02601083;0.13466734;-0.20062302;-0.07531395;-0.06809278;-0.03076813;0.00793754;0.00457793;0.09294259;0.01998813;-0.06410182;-0.35302615;-0.08683401;-0.06458681;0.04768150;-0.02140427;-0.04932373;0.16514578;-0.13920140;-0.05415159;0.06413542;0.12688634;-0.01443865;-0.06876232;0.22329774;0.01498505;-0.13676062;-0.01461103;0.03518139;0.25501031;0.17507453;0.02318054;0.00404710;-0.08190388;0.05200507;-0.20403941;0.08442552;0.16926613;0.06659347;0.07813525;0.00535787;-0.13461535;0.07225891;0.06794456;-0.12079772;-0.07144368;0.08307537;-0.04737534;-0.02461220;-0.08568698;0.22249112;0.11878341;-0.09160764;-0.08041932;0.08536441;-0.05934520;-0.11319760;-0.00923350;-0.18192622;-0.16453765;-0.27522185;0.04829285;0.34906408;0.12667854;-0.23621160;-0.00137384;-0.04321855;-0.02149071;0.18273586;0.07383914;-0.05875693;-0.00431362;-0.09427096;0.02361262;0.13198245;-0.06107670;-0.06615993;0.21078387;-0.00887884;0.08481365;0.11024680;0.02270415;0.02868187;0.07243101;-0.19926482;0.02585938;0.11377483;-0.10326714;-0.01502980;0.11059754;-0.17646843;0.09754153;0.04008184;0.00539154;0.10319707;-0.04861382;-0.12450418;-0.06505150;0.15329792;-0.24294083;0.17977762;0.20322643;0.03010165;0.16157337;0.13829094;0.13650110;-0.02948795;-0.06578165;-0.19300932;-0.03202739;0.10965709;0.06332079;-0.00902391;0.02574900
0;-0.02209866;0.06478775;0.01933091;-0.03666544;-0.08889133;-0.01491131;-0.06216288;-0.14921799;0.04968458;-0.07055108;0.30559376;-0.05613553;-0.18204096;-0.14574286;0.01187825;0.13789655;-0.16691513;-0.06808177;-0.09154886;-0.03663935;-0.01995557;0.00178285;0.11486993;0.00963113;-0.05501231;-0.33357504;-0.08611238;-0.05638036;0.05740633;-0.06087570;-0.04037309;0.15770522;-0.13814451;-0.05071073;0.04677603;0.09950925;-0.03237243;-0.07213528;0.25993401;0.02556046;-0.11902229;-0.03414977;0.01138727;0.23960495;0.16808727;0.01172424;0.01122229;-0.08423136;0.04589546;-0.21206819;0.09653313;0.17869809;0.06714824;0.06781542;0.02001813;-0.11295182;0.07806797;0.08635106;-0.12988260;-0.06175577;0.07338020;-0.05911313;-0.04132596;-0.08402883;0.22538818;0.13414060;-0.07894199;-0.09409263;0.09515125;-0.04439254;-0.11409850;-0.00139672;-0.17497243;-0.16710685;-0.29499680;0.05140302;0.33959571;0.15302293;-0.23683496;-0.00024979;-0.04305233;-0.04453840;0.16249824;0.06544236;-0.07684637;-0.02604865;-0.06862326;0.01990783;0.12094183;-0.06011125;-0.08348130;0.20330596;0.00771001;0.07754283;0.09684059;0.00786234;0.04709354;0.05405329;-0.17820790;0.04536950;0.09745143;-0.09820779;-0.00537625;0.09790547;-0.17044754;0.09969153;0.03694163;-0.02597135;0.07621349;-0.05744195;-0.13070185;-0.05722839;0.16117124;-0.26139513;0.18993603;0.20071042;0.04122021;0.16397083;0.15238366;0.14113222;-0.01042832;-0.05066111;-0.15061738;-0.04955073;0.10807247;0.05728998;0.00625853;0.04383497
0;-0.00821131;0.09715284;0.02611466;-0.00390567;-0.07776007;0.01794115;-0.07640671;-0.16030230;0.03821209;-0.08690032;0.24321881;-0.09792347;-0.22687170;-0.14215897;0.00230425;0.16782227;-0.14951076;-0.09712555;-0.07543777;-0.03315972;0.02351225;-0.00908885;0.08543514;0.00819374;-0.04382660;-0.36871243;-0.08744940;-0.07763153;0.02255293;-0.02998107;-0.08687677;0.10287398;-0.15380745;-0.03726041;0.04462396;0.08283360;-0.05096081;-0.06443975;0.22637856;-0.02719141;-0.13539656;0.00468752;0.02453192;0.20950957;0.16808365;0.04820040;0.03494521;-0.06498352;0.01850415;-0.17633271;0.09656805;0.19654584;0.05696911;0.08917788;0.02226484;-0.12642361;0.07159189;0.08166891;-0.10052443;-0.03757405;0.12335300;-0.07596564;-0.02373558;-0.05044607;0.26796699;0.08583307;-0.09281790;-0.13528155;0.07682721;-0.07619223;-0.07338731;-0.00446187;-0.18529668;-0.16571355;-0.26128903;0.07985292;0.33541924;0.15131269;-0.21187879;0.02629941;-0.04629622;-0.01402908;0.18554461;0.07293661;-0.02750045;-0.02884867;-0.08846368;0.02299834;0.14167047;-0.07288246;-0.06188111;0.22075617;-0.02126345;0.05051009;0.05592065;-0.00388025;0.02998310;0.06952170;-0.12072865;0.06303120;0.10033578;-0.09006889;-0.01577688;0.08852761;-0.15447026;0.08084220;-0.02679203;0.03419270;0.05285078;-0.06670178;-0.16272719;-0.03612713;0.16059150;-0.27428377;0.20712806;0.18739246;0.04964385;0.12190884;0.14821136;0.13048445;0.02244025;-0.06411093;-0.22715707;-0.05298484;0.13794763;0.03392657;0.02476232;0.04725116
0;-0.04040611;0.11631515;0.04384398;-0.02556990;-0.05594637;-0.02016582;-0.09204014;-0.12127798;0.01816321;-0.04913478;0.27913249;-0.08834142;-0.20068753;-0.10980985;-0.01621164;0.18637936;-0.16880794;-0.05714501;-0.10743771;0.00282508;0.03491800;-0.01465261;0.11120520;0.00596905;-0.01099488;-0.37455389;-0.08881588;-0.04527566;0.02524833;-0.05458985;-0.07140674;0.07135140;-0.14599302;-0.02376241;0.05554088;0.07666583;-0.06749433;-0.09832522;0.24151932;0.01194292;-0.14626063;0.00070732;0.02036761;0.22146145;0.19371666;0.04693732;0.04430935;-0.07031605;0.03079436;-0.16804741;0.06604059;0.17741539;0.07310524;0.06618352;0.00128398;-0.12195646;0.07960304;0.08922664;-0.11119159;-0.08353913;0.08959343;-0.07828495;-0.04484171;-0.05169689;0.25604534;0.12923773;-0.11007152;-0.13809001;0.08276834;-0.04815895;-0.05136314;-0.00563455;-0.19675376;-0.15869936;-0.25822616;0.03329074;0.33037165;0.09330771;-0.20849256;0.00624503;-0.04547960;-0.01559749;0.12997620;0.09758089;-0.09322690;0.01143140;-0.09137197;0.01755123;0.14079471;-0.07899691;-0.07404022;0.18714131;-0.01632961;0.04668432;0.06945276;-0.02172039;0.02454749;0.03549820;-0.13607278;0.02216407;0.07279846;-0.10196073;-0.03738585;0.08907413;-0.16819358;0.07152563;-0.00411164;0.02019917;0.04176018;-0.06632184;-0.13945815;-0.04845244;0.14037967;-0.22796109;0.18233079;0.20824948;0.06687707;0.10703132;0.16693668;0.11821867;0.00432484;-0.01641495;-0.19517593;-0.02954421;0.11453557;0.06351618;0.04986734;0.01557241
0;-0.00985038;0.08787340;0.03487297;-0.01561872;-0.07384095;-0.00897621;-0.04336339;-0.15322456;0.03771975;-0.07313845;0.27746865;-0.08725822;-0.22704881;-0.09182226;0.02606592;0.12550342;-0.15590785;-0.04609141;-0.11667612;-0.03178312;0.00195745;0.01084108;0.11708403;0.03144457;-0.04456115;-0.33781490;-0.07233959;-0.04251037;0.05397018;-0.07328923;-0.05518518;0.09051093;-0.13513902;-0.02172185;0.04584450;0.07863969;-0.11511859;-0.11683200;0.23664625;0.03105630;-0.08958825;-0.02880751;-0.01007605;0.23209634;0.19166358;0.03294099;0.00351841;-0.09836306;0.08820385;-0.22736250;0.08215840;0.15588407;0.05246417;0.07016893;0.05110138;-0.12600532;0.08453481;0.06322143;-0.16379674;-0.07192767;0.09176752;-0.07099684;-0.06397935;-0.08695649;0.18943951;0.13663238;-0.06887631;-0.09176014;0.10402921;-0.06668299;-0.07361253;-0.01068756;-0.14595090;-0.16904086;-0.23357278;0.03566129;0.34709585;0.16270502;-0.18612599;-0.01103301;-0.01613873;-0.02327318;0.14748496;0.03314643;-0.10681377;-0.03839853;-0.08954909;0.06651478;0.08178338;-0.07548997;-0.07176986;0.19960286;0.00002694;0.05379139;0.11102054;-0.02677932;-0.02062777;0.07130455;-0.17857166;0.02797410;0.09655708;-0.09513304;0.02337833;0.06423874;-0.15002856;0.14058550;0.02805843;-0.02504470;0.07453024;-0.09593209;-0.17582303;-0.00668011;0.13441665;-0.26966491;0.16775538;0.14833307;0.06619514;0.15183900;0.11783995;0.11294114;-0.00820984;-0.03149839;-0.18491596;-0.05240491;0.10831489;0.08270171;0.01934195;0.02054212
0;-0.03639655;0.06019661;0.02887320;-0.03314176;-0.08606559;-0.03496398;-0.06061451;-0.15147853;0.04895169;-0.07291818;0.31331739;-0.07097293;-0.18191376;-0.12896737;0.00141067;0.13505618;-0.17136894;-0.06311175;-0.09566807;-0.03266907;-0.00739801;-0.00746683;0.11332346;0.02408473;-0.05007479;-0.34928945;-0.08282227;-0.07265352;0.04727869;-0.06107567;-0.04959548;0.16039434;-0.13470592;-0.04948220;0.02973461;0.10237221;-0.03143089;-0.05590214;0.25251043;0.01574595;-0.13382038;-0.04520012;0.00740921;0.24569643;0.18453142;0.01831910;0.01031011;-0.07517064;0.04813998;-0.22910184;0.08937214;0.16804372;0.08422818;0.06410804;0.02407447;-0.12658764;0.07050359;0.08170982;-0.11581256;-0.06554428;0.07245988;-0.06398243;-0.02959513;-0.08089045;0.24626023;0.13906485;-0.08811595;-0.05553705;0.10405287;-0.04978002;-0.09631272;-0.01310336;-0.16864380;-0.17308944;-0.28137991;0.03919064;0.34945324;0.14030872;-0.24689446;-0.00390009;-0.05891218;-0.03584239;0.16080064;0.06264471;-0.08841220;-0.00698840;-0.08290699;0.01441336;0.11889241;-0.06835334;-0.05305830;0.21532112;0.00240740;0.08266464;0.10917720;0.00404203;0.03681283;0.05349808;-0.18059091;0.05489527;0.08135261;-0.11033539;-0.01249646;0.08085815;-0.17936830;0.10263647;0.03706044;-0.01265640;0.07395305;-0.06201626;-0.11353723;-0.06477451;0.16642076;-0.24977711;0.16876635;0.19777115;0.03220195;0.18240638;0.14064974;0.14038222;-0.02042146;-0.05438107;-0.16592397;-0.02734050;0.11582033;0.04473491;-0.00951421;0.04505581
0;-0.03210299;0.11432762;0.05818775;-0.06848373;-0.12285887;0.02045019;-0.05086041;-0.16985564;0.03557530;-0.08613007;0.26516840;-0.07857866;-0.25507778;-0.09090538;0.01104808;0.13079344;-0.14049907;-0.06318599;-0.09905116;-0.05140035;-0.01454992;0.03927005;0.12093680;0.02809644;-0.06173900;-0.34319374;-0.06341327;-0.05007669;0.01400021;-0.05657997;-0.02763865;0.15123178;-0.12094671;-0.00520612;0.02036608;0.08894330;-0.10431895;-0.08058861;0.22940186;0.03856874;-0.08847736;-0.06267545;0.00342233;0.25526282;0.16394943;-0.01621824;0.03077702;-0.05011409;0.05272328;-0.24200666;0.07907163;0.16841906;0.04517120;0.06972080;0.05575749;-0.12595540;0.08854410;0.07563256;-0.14071241;-0.04702429;0.10444016;-0.07035901;-0.07172240;-0.07835602;0.22039770;0.13300364;-0.07886632;-0.07522568;0.07888971;-0.03555770;-0.09174529;-0.00480851;-0.18663411;-0.14671491;-0.23202783;0.03581264;0.33458108;0.16366549;-0.19961585;-0.02672144;-0.05244225;-0.01199823;0.14313360;0.00124853;-0.10370494;-0.02818993;-0.09107588;0.07067186;0.08103953;-0.07550184;-0.08155148;0.23701641;0.03134664;0.04717210;0.10648420;-0.01742130;0.00108942;0.03940476;-0.18607190;0.03371125;0.08540291;-0.12652098;-0.00068103;0.06217470;-0.17541485;0.15087430;0.04220750;-0.00477777;0.05326042;-0.08286985;-0.19153844;-0.01662711;0.17485081;-0.24913980;0.14252189;0.16721585;0.05042474;0.15365596;0.14444000;0.09422967;-0.02131817;-0.05312666;-0.13406830;-0.05876298;0.13744746;0.05928360;0.00430172;0.04009631
0;-0.03702442;0.08487050;0.05494511;-0.02378186;-0.10203210;-0.01602810;-0.04929386;-0.16507478;0.04124999;-0.10685926;0.26425138;-0.09004404;-0.20783007;-0.09024572;0.01023586;0.13918303;-0.15238513;-0.07205007;-0.08317158;-0.01510987;0.01999099;0.01272041;0.10797256;0.02533683;-0.05482808;-0.34476060;-0.07783861;-0.04735895;0.00770393;-0.03634563;-0.06142560;0.11128147;-0.13871594;-0.03422247;0.02505049;0.08489399;-0.06708197;-0.08610658;0.20860568;0.01560578;-0.13408199;-0.03765164;0.03029611;0.23585194;0.19541359;0.01938561;0.00749215;-0.07643659;0.04949061;-0.20436971;0.06526444;0.13094477;0.04860756;0.05727907;0.03724248;-0.12424456;0.08209196;0.05728678;-0.10837094;-0.05731279;0.11145823;-0.06268570;-0.04165149;-0.05920335;0.23220500;0.12040464;-0.06420791;-0.10786244;0.07902652;-0.06322809;-0.10130497;0.00222467;-0.17702284;-0.15236287;-0.23662695;0.01307787;0.35404864;0.13038330;-0.20116124;-0.00475896;-0.03665409;-0.00738661;0.18624671;0.04673579;-0.05340249;-0.02249600;-0.10941322;0.04483192;0.13449623;-0.07628609;-0.08094109;0.20858042;0.00313395;0.03969978;0.10351177;-0.01793440;0.00351826;0.08813748;-0.19411527;0.01797965;0.10273333;-0.08361202;-0.00727657;0.07732661;-0.16903703;0.10977244;0.02340046;0.01249969;0.07423587;-0.08431168;-0.18135846;-0.01121680;0.14614135;-0.23141962;0.15898688;0.15721844;0.05501164;0.13439614;0.14269663;0.09805857;-0.00159229;-0.02983692;-0.18722062;-0.03591363;0.12388214;0.04882984;0.04439408;0.03224047
0;-0.04637086;0.05695884;0.03917217;-0.03650316;-0.07297906;-0.04102838;-0.04474545;-0.17472044;0.03175389;-0.08314323;0.28726992;-0.09511285;-0.21478207;-0.10968129;-0.02764593;0.15485382;-0.14449288;-0.06793033;-0.08851744;-0.02654285;0.00350982;-0.00467410;0.07615326;0.03159064;-0.01387484;-0.33377767;-0.08756743;-0.04220741;0.00835006;-0.05600642;-0.04784817;0.10115173;-0.14468172;-0.03005183;0.06844120;0.08636861;-0.05200905;-0.08099689;0.21780486;-0.01365900;-0.09216654;-0.00970321;0.05014489;0.23939840;0.15735589;0.03300944;-0.00593461;-0.11031113;0.08584904;-0.20906684;0.06840890;0.13519005;0.06092477;0.05622064;0.02567531;-0.13653505;0.08731015;0.05894879;-0.14293510;-0.05278812;0.08963111;-0.06947394;-0.07554805;-0.07382266;0.22684939;0.11439364;-0.09324244;-0.11365519;0.09900812;-0.07220125;-0.05536619;-0.03513043;-0.16366173;-0.16873844;-0.23838481;0.05485820;0.36438593;0.14011778;-0.22668880;0.03122735;-0.04983601;-0.00444741;0.15718625;0.02857055;-0.06706380;-0.01818116;-0.10861335;0.02567343;0.12387396;-0.08329021;-0.05494041;0.19725800;-0.00142691;0.05432003;0.10199959;-0.03000342;-0.01511575;0.05606651;-0.19977598;0.02614267;0.06736939;-0.08537228;0.00798170;0.06756165;-0.16508108;0.11382339;0.02928206;-0.02095756;0.05692606;-0.05486271;-0.16667470;-0.05121489;0.12320407;-0.25145164;0.19177556;0.15204760;0.09357297;0.16480555;0.13276985;0.11726300;0.00765561;-0.01543154;-0.14733490;-0.05005120;0.11726300;0.06407969;0.03010123;0.02170232
0;-0.06279612;0.12523505;0.04488695;-0.00618573;-0.08715589;-0.00530020;-0.06293020;-0.17796165;0.03574350;-0.09321599;0.26118541;-0.08262319;-0.23777595;-0.09408145;-0.00499899;0.16066581;-0.17274886;-0.06512988;-0.09525941;-0.00531997;0.00901283;0.02148571;0.12025289;0.00364230;-0.02352799;-0.33714142;-0.06320732;-0.06017283;0.02549581;-0.02296196;-0.04670751;0.04445987;-0.14047851;-0.01792702;0.03764310;0.06818933;-0.10470962;-0.07657456;0.25531945;-0.01606639;-0.12408015;-0.04320516;0.04766495;0.22859088;0.18301173;0.04938463;0.00705992;-0.10270654;0.09269366;-0.21832329;0.07523984;0.13336660;0.08023445;0.05113622;0.03802432;-0.14657259;0.07987160;0.05572652;-0.11579054;-0.06110620;0.11390875;-0.05491346;-0.05781420;-0.05015796;0.25387126;0.09329325;-0.07951733;-0.10956158;0.08907275;-0.07519482;-0.07062957;0.01376547;-0.15324581;-0.16103213;-0.25654474;0.00196181;0.37166333;0.12167711;-0.17882819;-0.00461534;-0.03454950;-0.02176114;0.16133408;0.05578322;-0.07967149;-0.03921306;-0.12103751;0.01885658;0.14183192;-0.11390077;-0.06702554;0.19654909;0.03101423;0.05464758;0.06730796;-0.04244140;-0.01283336;0.05413633;-0.17615725;0.01410927;0.07264686;-0.06116540;0.00400707;0.07119324;-0.16398484;0.11079995;0.02792997;0.00515483;0.07049863;-0.07755935;-0.18135114;-0.04275226;0.13884985;-0.22842948;0.15917939;0.14377491;0.05443432;0.13808441;0.14641841;0.11222471;-0.00398904;0.00824846;-0.19860137;-0.05407083;0.12269168;0.05089923;0.05359106;0.03413882
1;-0.11005811;0.02503724;-0.03173882;-0.12371434;-0.08642180;0.12548113;-0.01079726;-0.05208779;0.19861668;-0.14915417;0.10914562;-0.01159593;-0.33799267;-0.08561321;0.07604475;0.13148329;-0.16484748;-0.10883923;-0.17800796;-0.03854290;-0.00038547;0.09453750;-0.02288054;0.00258667;-0.19393562;-0.26072806;-0.08857740;-0.14109948;0.02684906;-0.14810257;0.02411619;0.05349186;-0.17508397;-0.01683879;-0.00244468;0.11205230;-0.05888999;-0.09839340;0.18219702;-0.00799629;-0.15995927;-0.08194971;0.00997469;0.21188232;0.14820459;-0.06792035;0.05841647;0.00073387;0.11207034;-0.34676394;0.02122775;0.08310129;0.08199659;0.12570238;0.06805533;-0.16181074;0.08032870;0.18966979;-0.21142267;0.13553575;0.13238008;-0.17284553;-0.10650138;0.06674810;0.23293209;0.06461321;-0.17159010;-0.21083494;0.15732418;-0.14976197;-0.02950223;0.12341859;-0.08629450;-0.16508669;-0.27996802;0.04946069;0.38484883;0.15267707;-0.19523437;0.00909673;-0.12426507;-0.02537968;0.04386632;0.07505704;-0.01375204;-0.03969062;-0.09662887;0.08958644;0.25332403;-0.01424899;0.02383307;0.24962533;0.08346961;-0.04215641;-0.00125092;0.04523942;-0.03893203;-0.10671480;-0.01966717;0.06179298;0.11450988;-0.13257505;-0.02061976;0.12449930;-0.12537457;0.31246772;-0.02391565;-0.04287945;-0.00244692;-0.10565826;-0.11061035;0.06493949;0.22664002;-0.30792448;0.14755647;0.16455878;0.04202561;0.11605919;0.02292068;0.10505243;-0.00445735;0.01003154;-0.25294566;-0.15280201;0.05570537;-0.03827564;0.01990717;0.02681568
1;-0.08148641;0.08619721;0.04884052;-0.08877975;-0.14860556;0.14571165;0.00625362;-0.04471051;0.18333568;-0.08647748;0.05304534;-0.02532348;-0.30762342;-0.07332779;0.12830850;0.10371051;-0.11123306;-0.15304658;-0.14720595;-0.09944190;-0.02818028;-0.00929569;0.00210705;0.00367197;-0.26685724;-0.24957140;-0.09875712;-0.12218601;0.04196186;-0.11844241;0.04583936;-0.00029113;-0.15991552;-0.00687831;-0.02671697;0.10127512;-0.12697938;-0.13132502;0.18067421;-0.05968044;-0.15737946;0.03527800;0.00980979;0.22079116;0.17010161;-0.01444468;0.05479725;0.01436074;0.13901109;-0.33096334;0.03973022;0.15052232;0.05360284;0.07679815;0.03787798;-0.08682652;0.08007777;0.19166236;-0.30544156;0.16463238;0.11807905;-0.15835626;-0.14286390;-0.01014571;0.20991716;0.14648445;-0.16788822;-0.19462471;0.14437160;-0.19515812;0.00221540;0.12386575;-0.11688016;-0.17359953;-0.26152602;0.06758764;0.41750520;0.13797964;-0.15041789;-0.02476847;-0.10310832;0.01922398;-0.00910096;0.07195722;-0.07052495;-0.12031438;-0.07155365;0.09429785;0.26074776;-0.05218526;0.01750192;0.26573375;0.14336698;-0.05035440;-0.05593103;0.02765586;-0.04127607;-0.10079509;-0.02700390;0.05965748;0.09256746;-0.15571176;0.00447364;0.07701543;-0.18593396;0.30276564;0.01819433;-0.03399048;0.01377552;-0.07858523;-0.16013494;0.02495026;0.27140102;-0.34246242;0.14197978;0.22518285;0.06202115;0.06289610;0.04058535;0.07860634;0.02268500;0.02031767;-0.18593781;-0.10761286;0.03508919;-0.09591559;0.00365420;0.07024740
1;-0.07498712;0.08716053;0.04817840;-0.08221819;-0.15254310;0.14326137;-0.00420672;-0.04766532;0.15779459;-0.07929767;0.06576413;-0.03177828;-0.29900852;-0.08513519;0.12683702;0.10655964;-0.09225810;-0.14646944;-0.16239665;-0.08695950;-0.02644553;0.00272944;0.02444407;0.00269393;-0.26489791;-0.23722713;-0.11166345;-0.11792589;0.05320973;-0.11364433;0.03285827;0.01043431;-0.16311254;-0.02534010;-0.00791932;0.10484087;-0.11644280;-0.13390414;0.17510031;-0.05490236;-0.14935933;0.03395712;0.01133684;0.21963851;0.16617535;-0.01975386;0.05986935;0.03405682;0.11723129;-0.33311808;0.04180243;0.13760379;0.05031151;0.08611975;0.03331525;-0.07908116;0.09312112;0.22775191;-0.29260886;0.17240788;0.11811972;-0.17193651;-0.14421558;-0.00682576;0.20625286;0.14367938;-0.17042582;-0.19730633;0.12447792;-0.17488179;0.00838380;0.14133084;-0.12993133;-0.15779901;-0.26678538;0.06993511;0.43708763;0.14255281;-0.15517756;-0.03862878;-0.09744669;0.03257571;-0.01345058;0.06577993;-0.06295225;-0.12744299;-0.07737864;0.09392336;0.24825732;-0.04707569;0.01295070;0.27288494;0.13797393;-0.03931602;-0.05507495;0.03082422;-0.02594374;-0.11977494;-0.00841420;0.06569798;0.08250660;-0.16013223;-0.00365287;0.08228469;-0.16799004;0.28656825;0.00784847;-0.02132086;0.01675166;-0.08060433;-0.14315553;0.02637935;0.25961277;-0.34445366;0.12394980;0.23451765;0.05406528;0.05189974;0.04214922;0.08375819;0.02188504;0.02321082;-0.18177712;-0.11367156;0.04135027;-0.10030834;-0.00018333;0.06064918
1;-0.07447845;0.09434535;0.05709573;-0.08995255;-0.15510410;0.13710189;-0.01088212;-0.04959223;0.18337716;-0.09978367;0.05081435;-0.02842784;-0.31923661;-0.08342674;0.12223258;0.10732232;-0.10265967;-0.15943086;-0.14826971;-0.10460174;-0.03680270;0.00077810;0.00922436;0.00499914;-0.26965860;-0.24039981;-0.09097772;-0.12537539;0.05126467;-0.13664192;0.03607007;0.01423426;-0.16558245;-0.01864720;-0.02886009;0.10206179;-0.09987386;-0.12203383;0.19050071;-0.06006790;-0.16615044;0.02606687;0.00952769;0.21132630;0.16184798;-0.01861026;0.06573132;0.02130031;0.15534890;-0.32791829;0.02659125;0.14702788;0.03960189;0.06354554;0.03967677;-0.09914298;0.07444402;0.21154363;-0.29396456;0.17224652;0.12521048;-0.16096199;-0.15491167;0.00528656;0.19589689;0.11340155;-0.16191050;-0.20407429;0.13375585;-0.19347917;0.00652936;0.15657312;-0.11776122;-0.16174452;-0.27162191;0.07061184;0.42494252;0.13546017;-0.13793513;-0.01271334;-0.08891854;0.01782824;-0.00188879;0.06656931;-0.06194552;-0.11160168;-0.07438091;0.09801860;0.25933513;-0.03824339;0.01968584;0.25468290;0.14064161;-0.02829450;-0.06968744;0.03319610;-0.04428924;-0.10949321;-0.02289866;0.06851619;0.10125516;-0.13642238;-0.00555107;0.07203487;-0.17352706;0.28396973;0.00619794;-0.03541721;-0.00302600;-0.07571755;-0.15534179;0.03178299;0.26779142;-0.34560019;0.12878762;0.23418853;0.05166666;0.05060954;0.05244243;0.06157947;0.03542943;0.02022987;-0.18245903;-0.13031691;0.05231722;-0.11028410;0.01360845;0.04986282
1;-0.06302083;0.14256386;0.02034252;-0.06714096;-0.14970917;0.16045684;0.01464494;-0.06602111;0.19810069;-0.10573086;0.08964812;-0.00993706;-0.32629925;-0.10944749;0.12051684;0.11337459;-0.08042265;-0.15342388;-0.18096244;-0.12056461;-0.01088181;0.00583774;0.00426305;-0.02561240;-0.25800261;-0.23508094;-0.05659923;-0.12295434;0.07347818;-0.14029799;0.03802564;0.04346171;-0.14756609;-0.03586408;-0.04328803;0.11022882;-0.09931763;-0.09231389;0.17901239;-0.05372544;-0.16446885;0.03957744;0.00335348;0.25435129;0.17433028;-0.05309549;0.08399075;0.01526781;0.15161894;-0.33964366;0.02385997;0.12707125;0.07728632;0.07849941;0.05931748;-0.12805507;0.06378421;0.19655475;-0.27585697;0.15613814;0.14521451;-0.14574075;-0.16122162;-0.00294096;0.19244443;0.10507756;-0.15360641;-0.18021980;0.12316044;-0.17178199;0.01454270;0.14826322;-0.13263042;-0.16350710;-0.27914497;0.08956791;0.43211639;0.15341111;-0.14336616;-0.02115824;-0.08439954;0.04677285;0.02240470;0.04926571;-0.05512969;-0.12009881;-0.08412134;0.10533656;0.23349336;-0.06121561;0.00824485;0.25922397;0.14827980;-0.04033801;-0.07556211;0.03794436;-0.04545869;-0.09403595;-0.02908915;0.07095481;0.08060582;-0.17047872;0.00395393;0.05817413;-0.17284428;0.28754389;0.01162624;0.01298628;0.01033883;-0.08127458;-0.12913364;0.04565202;0.26238444;-0.33158252;0.12620862;0.24014176;0.03370218;0.06478180;0.06361565;0.07228905;0.03908541;0.02403616;-0.18885511;-0.12077258;0.03346439;-0.10419028;-0.02577845;0.05568904
1;-0.07284062;0.09299356;0.02245596;-0.09033973;-0.15319848;0.15634522;0.01575759;-0.05213995;0.18892133;-0.08757385;0.03790003;-0.00940190;-0.30465609;-0.08445879;0.11163191;0.10679869;-0.11533370;-0.16428293;-0.15841074;-0.10644640;-0.02450155;-0.01542494;0.00001303;-0.00930236;-0.26576588;-0.24103712;-0.10370854;-0.13344815;0.05359872;-0.10804035;0.05555926;0.01903656;-0.16127986;-0.01517375;-0.02670225;0.08370011;-0.09944595;-0.11901405;0.17156705;-0.05174073;-0.15883319;0.02988484;0.01171267;0.21761191;0.17546101;-0.01877473;0.05328927;0.02730108;0.13994311;-0.32935020;0.03633014;0.14376660;0.06471597;0.07113865;0.04772701;-0.08623173;0.08509399;0.19840130;-0.29949656;0.16449827;0.10940224;-0.16848935;-0.14976689;-0.01011269;0.19292621;0.13931139;-0.16030112;-0.18924014;0.15388131;-0.18757838;0.00845082;0.11344890;-0.12040417;-0.15811174;-0.27176964;0.06160966;0.43561366;0.15261349;-0.14412041;-0.02456923;-0.10421908;0.02779804;-0.00403610;0.06692011;-0.07349239;-0.14055803;-0.06849182;0.08527649;0.24415781;-0.04799012;0.00891372;0.25795063;0.12254605;-0.04761510;-0.07143322;0.03088458;-0.04495647;-0.10036735;-0.00553926;0.06075085;0.08852617;-0.15983643;0.00117130;0.08655953;-0.17224807;0.27512541;0.00727643;-0.01622413;0.01380583;-0.07607527;-0.14453483;0.02829780;0.26386964;-0.32976159;0.13861656;0.23383346;0.02203626;0.05597192;0.04364630;0.07927024;0.02159041;0.01308755;-0.19630967;-0.11941622;0.03875075;-0.10824866;-0.01217990;0.06180323
1;-0.12839140;0.08373845;0.06903652;-0.09555494;-0.15333331;0.12510221;0.00434513;-0.06346560;0.20591967;-0.10001518;0.07707100;0.04263889;-0.32158080;-0.06513917;0.11699389;0.10568938;-0.15796821;-0.15644789;-0.16951606;-0.14304407;-0.00363156;0.02218894;-0.01693717;-0.00599494;-0.28015563;-0.19446358;-0.08763090;-0.09884440;0.10432672;-0.08973458;0.02848823;0.04506820;-0.16671491;-0.01785271;-0.01550111;0.10315183;-0.06486342;-0.10246453;0.20369886;-0.06685188;-0.18250771;-0.00635831;0.04292814;0.23489223;0.18413313;-0.04013902;0.05287997;0.05150187;0.17564005;-0.32692552;0.06035152;0.15683961;0.14047560;0.06660999;0.10783347;-0.13583982;0.04545800;0.20685875;-0.21623035;0.14960094;0.10915786;-0.20513824;-0.11737359;-0.02638012;0.18081249;0.10383244;-0.13608670;-0.20112987;0.16878074;-0.12941800;-0.04887205;0.14887674;-0.14555494;-0.11252496;-0.30570349;0.03367695;0.42791978;0.13626064;-0.17763513;0.02308149;-0.08163745;0.00289762;0.01899185;0.08107726;-0.06625859;-0.08412413;-0.09008614;0.10967293;0.26350313;-0.05056418;0.00651191;0.22928213;0.15498742;-0.04365684;-0.06920099;0.00984538;-0.04220738;-0.12022602;-0.04376591;0.03308913;0.12006695;-0.07888015;0.00797172;0.09226847;-0.16811211;0.26285964;0.03725200;-0.00480528;-0.02439441;-0.08722551;-0.12734960;0.06158442;0.23190367;-0.32395256;0.15160982;0.19954686;-0.01949585;0.05093339;0.02903677;0.04383690;0.03299496;0.01844043;-0.16237465;-0.15199378;0.07715366;-0.12218055;0.04038597;0.07464752
1;-0.07943257;0.08896391;0.02244545;-0.10022611;-0.15660919;0.15889731;0.01612578;-0.05241214;0.17015800;-0.09136891;0.05847786;-0.00681895;-0.30081385;-0.09118349;0.11312915;0.09259630;-0.10489257;-0.16012645;-0.16948527;-0.10550162;-0.04986358;-0.02212303;0.00670651;-0.00979282;-0.25302827;-0.23412278;-0.09128242;-0.13068943;0.06652525;-0.13706966;0.06530108;0.01677064;-0.15550047;-0.00466231;-0.03784249;0.09727736;-0.11073439;-0.11300257;0.18599950;-0.04849555;-0.16383110;0.02797279;-0.00825046;0.24525468;0.17236771;-0.03690510;0.05965858;0.01934719;0.14901456;-0.33401063;0.05189778;0.13844769;0.08218097;0.05590309;0.04641406;-0.08564247;0.08828927;0.19695127;-0.28452161;0.16350266;0.11347371;-0.15567525;-0.14679168;-0.00959206;0.19285218;0.13699630;-0.15585151;-0.19445090;0.14043878;-0.17843501;0.00619051;0.13952759;-0.12661886;-0.16284065;-0.27143425;0.06913407;0.43622437;0.15543742;-0.15089877;-0.03382869;-0.10893996;0.02360304;0.01048734;0.07581987;-0.07830273;-0.13436514;-0.07404736;0.09929518;0.24324970;-0.06253943;-0.01216502;0.23086433;0.13689737;-0.04424476;-0.07488984;0.01692055;-0.03934561;-0.09029724;-0.01470545;0.05712365;0.08956820;-0.14253572;0.00026249;0.08169312;-0.17048442;0.29393187;0.02114783;-0.02508034;0.01909249;-0.08571965;-0.13406219;0.02964231;0.26431131;-0.33645949;0.13872416;0.23978959;0.04211682;0.05238669;0.05493532;0.06229815;0.03206609;0.02411197;-0.18738069;-0.10332602;0.03777793;-0.10149506;-0.00641506;0.05008193
1;-0.08296981;0.08505554;0.05996882;-0.07878388;-0.16107631;0.14359532;-0.00502159;-0.07169749;0.17839351;-0.08949018;0.04835179;-0.04099075;-0.31049424;-0.09324250;0.12850261;0.11592904;-0.11210994;-0.16735150;-0.15447877;-0.09845559;-0.05918839;0.00172222;0.03408777;0.00036916;-0.25544426;-0.26342469;-0.09894860;-0.13578308;0.07264099;-0.13056220;0.01990793;0.00705549;-0.17026609;-0.02954305;-0.02473365;0.07781776;-0.10510826;-0.12210415;0.19570220;-0.07261682;-0.16403680;0.01968931;0.01167817;0.20941325;0.16896075;-0.02493153;0.05865631;0.01903741;0.13714898;-0.33422032;0.04932545;0.14084424;0.04191265;0.07008292;0.04551622;-0.07896273;0.07624399;0.21129967;-0.28258753;0.18707696;0.13846800;-0.15319681;-0.13092463;0.01767520;0.20863457;0.11477627;-0.15142246;-0.19245878;0.11622389;-0.18362926;0.01632193;0.13889167;-0.11885612;-0.15357029;-0.29533646;0.05449837;0.42479652;0.12813133;-0.15487382;-0.03709260;-0.10326968;0.02046052;0.00736460;0.06023945;-0.07260927;-0.13072795;-0.08190170;0.09594929;0.25652331;-0.03988879;0.01532130;0.26636526;0.14292072;-0.03762431;-0.06004136;0.05268748;-0.03477867;-0.12995894;-0.01871488;0.07080965;0.09234550;-0.12430204;-0.00252082;0.09123664;-0.17559732;0.28339571;0.00715531;-0.03258712;0.00598907;-0.08405570;-0.13828918;0.01921890;0.25930226;-0.33575287;0.12062375;0.23419726;0.04831666;0.04926832;0.01913853;0.05569203;0.01201916;0.02549096;-0.16759370;-0.11322488;0.05227768;-0.10596549;0.00276711;0.06922325
1;-0.09541809;0.11326714;0.02444698;-0.10136714;-0.17358501;0.15790574;0.00782916;-0.05462784;0.17335887;-0.07932141;0.07388674;-0.01495579;-0.31075740;-0.09323999;0.12249781;0.10432378;-0.10516027;-0.15045115;-0.16131975;-0.09673678;-0.02369474;-0.00223233;-0.01237543;-0.00913938;-0.25576881;-0.23942642;-0.06828255;-0.13424027;0.05629993;-0.12998515;0.05303847;0.00438338;-0.15906920;-0.01056846;-0.03908274;0.09376383;-0.11719926;-0.10661042;0.18760501;-0.07814679;-0.16621341;0.03516079;0.01134476;0.22219488;0.15903488;-0.04210117;0.07389899;0.01162334;0.13926116;-0.32395229;0.02813726;0.13627213;0.07240955;0.06366722;0.05694012;-0.09581168;0.08642146;0.18049891;-0.28447384;0.16175438;0.13799071;-0.16263190;-0.15050352;-0.01332464;0.19924749;0.09687372;-0.14324664;-0.18571709;0.14441584;-0.16836028;-0.00403768;0.13965788;-0.10664021;-0.17531262;-0.27366459;0.07464717;0.41994819;0.16763279;-0.16469423;-0.01274366;-0.10293144;0.02311825;0.01588803;0.03730317;-0.06389376;-0.12249203;-0.09540328;0.10812668;0.25737682;-0.06354967;0.03446918;0.25771394;0.16522184;-0.05246442;-0.06684508;0.03023734;-0.03285182;-0.09381842;-0.01201562;0.07706934;0.11209771;-0.16762635;0.01484536;0.07328550;-0.19157586;0.29345545;0.01846519;-0.02246905;0.00058350;-0.07819585;-0.13529588;0.04252571;0.26784781;-0.33421499;0.14358263;0.22668038;0.04486964;0.06321698;0.04847790;0.06485896;0.01476283;0.00578093;-0.19232500;-0.12682271;0.03898488;-0.09941915;0.00343625;0.08305445
1;-0.01559741;0.07120315;-0.00057934;-0.05733221;-0.12163983;0.11935250;0.00496701;-0.00901293;0.17177537;-0.02262420;0.15385517;0.04166071;-0.28283253;-0.12024932;0.08860985;0.16042404;-0.16131917;-0.13437048;-0.11725041;-0.15803412;-0.03542755;0.07006530;-0.03214955;-0.00548801;-0.24580781;-0.15333879;-0.04037063;-0.18416056;0.08317826;-0.12589079;0.10526244;0.03082515;-0.13018277;0.01206884;0.07709536;0.07764848;-0.10643040;-0.12263189;0.23813500;-0.02271244;-0.11309665;0.02735255;-0.00674337;0.22250395;0.12878744;-0.02851638;0.10213612;-0.04172336;0.19701438;-0.29826051;0.06009235;0.13916364;0.07582983;0.09971724;-0.00746144;-0.19072755;0.04003846;0.23850439;-0.33097249;0.12157932;0.06544539;-0.16374838;-0.12789848;-0.00222115;0.16364802;0.11446356;-0.15023418;-0.22584035;0.16246733;-0.18975900;-0.03815931;0.15900320;-0.10976854;-0.14893498;-0.30455521;0.06085101;0.38830006;0.11834429;-0.12202109;-0.00828554;-0.04186678;0.03929853;-0.02318433;0.07404459;-0.07859464;-0.10790437;-0.06219856;0.04613351;0.22853626;-0.06492905;-0.00592416;0.19989109;0.08614196;-0.02354120;-0.05178390;0.01653938;-0.02482902;-0.10223287;0.04239149;0.01762036;0.02187274;-0.12267796;0.05194351;0.07170882;-0.16923581;0.26724866;-0.02629654;-0.03678385;-0.06067390;-0.06646354;-0.06538696;0.05798664;0.26276717;-0.31576937;0.21747875;0.18916747;0.04415509;0.12973320;0.02814915;0.09682642;-0.05433780;-0.04871908;-0.19135539;-0.11088873;0.00235150;-0.04358919;0.04680227;0.03608283
1;-0.07238162;0.09263764;0.05183359;-0.09278029;-0.14949679;0.15769650;0.00895848;-0.04098390;0.18841402;-0.08651448;0.04704674;-0.01816093;-0.30814543;-0.08725543;0.11555675;0.10954165;-0.10450330;-0.17962883;-0.14490061;-0.09697684;-0.03408637;-0.00304795;0.00004060;0.00345542;-0.25764742;-0.24548531;-0.09954108;-0.12642860;0.07756968;-0.13842435;0.02859502;-0.00181566;-0.16932668;-0.02299125;-0.02180667;0.08629651;-0.11272255;-0.13377027;0.19020262;-0.04762269;-0.16144246;0.02953233;0.01943931;0.22555132;0.16496035;-0.00740944;0.05683123;0.01705251;0.13059370;-0.32829842;0.02766700;0.15128195;0.04483277;0.07438593;0.03558645;-0.10054559;0.08744778;0.18407439;-0.30363372;0.18204777;0.11758207;-0.16716500;-0.15175895;0.00745839;0.19841458;0.10708036;-0.15496327;-0.20554058;0.14327733;-0.19761062;0.01574602;0.14823852;-0.11171774;-0.15445305;-0.26600599;0.06137475;0.42281303;0.14057508;-0.13187914;-0.01109091;-0.09098036;0.02005771;-0.00809058;0.07002539;-0.08126786;-0.11473420;-0.07803067;0.10117640;0.25123233;-0.03373557;0.02660145;0.25359395;0.13745229;-0.03978295;-0.06047086;0.04835720;-0.04082658;-0.10732113;-0.01762960;0.06148864;0.10409822;-0.14453627;0.00799747;0.08929292;-0.18237357;0.27488902;0.00488875;-0.04138812;0.00320600;-0.08415496;-0.14883929;0.03022839;0.26424563;-0.34299561;0.12770960;0.24763688;0.05290042;0.03783358;0.04783104;0.05812031;0.02352980;0.00751021;-0.19081239;-0.11621464;0.03355763;-0.11890881;0.00646912;0.05647854
1;-0.06224376;0.10184970;0.04004170;-0.05641227;-0.17215513;0.11009990;-0.00962625;-0.03174448;0.19835021;-0.00190078;0.12138717;0.04762241;-0.28847229;-0.10915229;0.10172535;0.14586532;-0.14750469;-0.15362082;-0.07659623;-0.17217016;-0.00160245;0.07602155;-0.00620209;-0.03208610;-0.28276607;-0.21593864;-0.02946453;-0.19930464;0.11496667;-0.09977575;0.10528104;0.06427879;-0.13562195;-0.01786572;0.06352341;0.11648263;-0.12192002;-0.14145163;0.23917444;-0.05221814;-0.10687507;0.00857295;-0.01101150;0.19793716;0.12114614;-0.05117451;0.17893574;-0.05991341;0.17450498;-0.26574627;0.10557798;0.14799623;0.07650138;0.09365955;0.06974929;-0.19104743;0.01719183;0.21396358;-0.29302824;0.16370609;0.09516630;-0.08222626;-0.13006556;-0.03553463;0.16267286;0.09387983;-0.10222463;-0.22102216;0.19040570;-0.15767840;-0.06632848;0.17121804;-0.13547529;-0.14772165;-0.25985137;0.07470575;0.38538349;0.11342300;-0.14887589;-0.01271044;-0.01873616;0.00077383;-0.02149364;0.06090633;-0.06266519;-0.10787370;-0.05335206;0.05884920;0.26209715;-0.06206573;-0.01112768;0.21972866;0.11867322;-0.03630227;-0.04270432;0.00681749;-0.03354859;-0.07226233;0.02571368;-0.02737757;0.09983350;-0.12880243;0.02834150;0.09006529;-0.16464314;0.25222522;-0.04022661;-0.01501911;-0.04932386;-0.06702079;-0.10622506;0.04840397;0.30255827;-0.26591915;0.22511569;0.18593018;0.01687897;0.11182164;0.02616527;0.09909642;0.00147023;-0.03006871;-0.17991681;-0.10761780;0.02119934;-0.05833642;-0.00296031;0.06905963
1;-0.06785892;0.05024526;-0.03588424;-0.12331411;-0.11291472;0.16649221;-0.03159025;-0.07462769;0.13418016;-0.10559910;0.13927315;-0.01046735;-0.29845133;-0.06648993;0.10165443;0.05852294;-0.15222901;-0.07363577;-0.13959785;-0.12977467;-0.03900643;0.00041812;0.00529895;-0.01078867;-0.22979924;-0.19577178;-0.05123301;-0.15076840;0.07300052;-0.14101157;0.07359332;0.04613415;-0.17631127;-0.02225077;-0.02297522;0.08875384;-0.09756573;-0.03807101;0.22642720;-0.07250874;-0.09793022;-0.00442931;0.00179418;0.25287822;0.14400394;-0.04396013;0.05199816;0.02133479;0.14864662;-0.33600822;0.01590344;0.12480903;0.13211924;0.08145635;0.03512596;-0.15732019;0.07455837;0.18309759;-0.19902663;0.19320861;0.09480548;-0.15948606;-0.07159758;0.00933133;0.22968712;0.03143745;-0.17669915;-0.17500302;0.06326944;-0.10563453;-0.00640656;0.15222861;-0.13584845;-0.22096194;-0.30581063;0.08467154;0.34429559;0.16321687;-0.20298193;-0.00755193;-0.10598414;-0.00014510;0.07243676;0.07341831;-0.00392952;-0.11144898;-0.06448814;0.08543877;0.22165312;-0.11692771;-0.03228485;0.21565604;0.08171693;-0.00002377;-0.08359683;0.05589217;-0.07954755;-0.07015303;-0.03357542;0.09386763;0.06889233;-0.10938019;0.01993895;0.09254563;-0.15599005;0.28832498;-0.01419167;-0.03870328;-0.02099247;-0.08710765;-0.12449956;0.02495032;0.25408936;-0.37113693;0.16737743;0.26325229;0.02426981;0.12120635;0.07211857;0.04448968;0.03750856;0.08479459;-0.18643147;-0.12099518;0.03126254;-0.05159000;-0.01653970;0.01258332
1;-0.01672683;0.05390698;-0.01863805;-0.11027193;-0.12258028;0.14055043;-0.05283685;-0.07964172;0.13762879;-0.08204569;0.14198485;-0.00218581;-0.29637608;-0.07341272;0.10700712;0.06986857;-0.10744254;-0.09596009;-0.13313071;-0.09907907;-0.00589236;0.00343305;-0.01132988;0.02687245;-0.22645630;-0.18239225;-0.06637625;-0.15644497;0.07434315;-0.12695536;0.04046568;0.03222219;-0.17747171;-0.04870438;-0.00313297;0.08569923;-0.08216836;-0.08873448;0.18367910;-0.06594566;-0.14319021;0.00511152;-0.00340900;0.21541347;0.12459218;-0.00792817;0.09652501;0.00560503;0.12615269;-0.30817747;0.03036176;0.10682465;0.11270225;0.06107966;0.00088187;-0.21185446;0.06713398;0.16900752;-0.25035679;0.18448667;0.12356935;-0.16178781;-0.10592927;-0.00711596;0.21099001;0.06835497;-0.17393109;-0.21316254;0.07889326;-0.13328685;-0.01124934;0.16734275;-0.13373081;-0.21290462;-0.28297585;0.07947550;0.40166512;0.17997171;-0.20073320;0.00217338;-0.11651129;0.03566384;0.05536606;0.05865283;0.02896363;-0.07655133;-0.10079820;0.07196759;0.21667552;-0.11261787;-0.01296276;0.21629217;0.07448577;0.00453800;-0.08518390;0.07298238;-0.09816153;-0.03537643;-0.02371631;0.06907274;0.07458575;-0.06303166;0.04061204;0.07158194;-0.13013612;0.29110086;-0.01182705;-0.03050625;-0.02177184;-0.07995912;-0.13675334;0.01524477;0.25180885;-0.35013112;0.15532434;0.22762541;0.06540767;0.11934554;0.09752119;0.07235459;0.04750595;0.02095278;-0.23131743;-0.12936056;0.03870428;-0.06490247;0.02329021;0.02076623
1;-0.10753867;0.08042518;-0.00031708;-0.12634684;-0.15221016;0.10202765;-0.01194426;-0.10207232;0.21471404;-0.06334177;0.06875424;0.00547628;-0.28164893;-0.08612356;0.08579246;0.07466695;-0.20146531;-0.16496596;-0.13733257;-0.15741028;-0.03688674;-0.03092772;-0.01247064;0.04538728;-0.28350022;-0.21924211;-0.11296026;-0.10818841;0.11968795;-0.13308233;0.02231306;0.03436916;-0.17765857;-0.02263437;-0.00796245;0.09443834;-0.07976309;-0.10971967;0.18747510;-0.06355897;-0.15236135;-0.00283567;0.01845877;0.21890034;0.21541883;-0.01584274;0.05557879;0.00978339;0.17225385;-0.27903897;0.05780500;0.20502971;0.11615676;-0.00068043;0.09707932;-0.12221465;-0.00593559;0.21602099;-0.20658799;0.14824238;0.11038641;-0.14739160;-0.13703763;-0.04954734;0.14867379;0.12809975;-0.15970744;-0.19902584;0.16661449;-0.15574108;-0.03113487;0.11965832;-0.10518540;-0.17531103;-0.27130711;0.01322213;0.45266905;0.16164225;-0.17554057;0.03706915;-0.11974499;0.00092067;0.04179994;0.05618517;-0.11430418;-0.07518566;-0.10510810;0.09794255;0.22837630;-0.01081508;-0.00837946;0.19298232;0.08755346;-0.00726488;-0.05781624;0.01523608;-0.08902923;-0.07291166;-0.02810818;0.01095559;0.12461381;-0.07436021;0.01295311;0.08373962;-0.13187474;0.26998368;0.05624598;0.00613891;-0.03202881;-0.07887014;-0.14022496;0.05984679;0.24949922;-0.36551800;0.14458497;0.18525831;-0.02619025;0.08331452;0.06942431;0.04241455;0.03643349;-0.00690947;-0.15908688;-0.12276208;0.03993703;-0.12352008;0.07517657;0.04114100
1;-0.12627852;0.07857944;0.07534064;-0.08117495;-0.14785931;0.10747831;0.00342447;-0.08687964;0.19856736;-0.09953822;0.08701410;0.01883965;-0.33176005;-0.07338222;0.11851367;0.09489413;-0.15480785;-0.15784499;-0.16865061;-0.14421867;0.00000469;0.03954598;0.00036249;-0.00325891;-0.29297197;-0.21400785;-0.09919667;-0.12199457;0.09500039;-0.09549477;0.04572476;0.04882298;-0.14919049;-0.01984695;-0.01806014;0.10125700;-0.06605679;-0.09908122;0.21838219;-0.06215063;-0.17422736;-0.00989882;0.04651185;0.22430331;0.17613482;-0.02601970;0.06557526;0.03206471;0.16119546;-0.33173326;0.04562090;0.15445572;0.13086210;0.07346008;0.12361170;-0.14069423;0.04589351;0.18408300;-0.22895731;0.16465993;0.10913303;-0.19467486;-0.11767210;-0.01352204;0.18787614;0.10526866;-0.12682356;-0.18812884;0.17512999;-0.15336905;-0.06699607;0.17235307;-0.12826684;-0.11761475;-0.28530610;0.01060518;0.43325946;0.12122072;-0.19318284;0.00820719;-0.07647573;-0.01087988;0.02957191;0.06797376;-0.05936707;-0.09505774;-0.09618726;0.09956464;0.27474484;-0.05096189;0.01349550;0.23881540;0.16157722;-0.02316646;-0.04345671;0.01174787;-0.04404928;-0.11169502;-0.03590340;0.04032287;0.12937152;-0.07785311;0.00359857;0.06237894;-0.15429628;0.28266820;0.03270193;-0.02732819;-0.03211400;-0.09845930;-0.12909141;0.08586423;0.26165935;-0.33382490;0.16189165;0.19503161;-0.03623344;0.06118750;0.01217904;0.05243755;0.01464469;0.01502528;-0.16920014;-0.16102925;0.06807604;-0.13998327;0.03469107;0.06268080
1;-0.03312660;0.08914471;-0.00415445;-0.13932827;-0.11470500;0.14570896;-0.00078876;-0.05180898;0.20504357;-0.09242360;0.12403349;0.04531268;-0.30630931;-0.07960104;0.10321819;0.08706154;-0.11493157;-0.11755823;-0.09079524;-0.13724089;-0.00130298;0.01927367;0.00226134;-0.02266813;-0.26566905;-0.19524625;-0.08649757;-0.10743930;0.06195894;-0.10093993;0.11819783;0.06942033;-0.17854205;0.00667587;0.00422176;0.11579985;-0.10397547;-0.06446984;0.24128023;-0.05322932;-0.09931174;-0.00343223;0.04594643;0.22383612;0.11635079;-0.01453123;0.08117529;0.02158636;0.16623838;-0.32022536;0.03043767;0.12308215;0.09185282;0.10878602;0.01544762;-0.19343019;0.09174104;0.19256164;-0.22258513;0.15350841;0.06902185;-0.19088057;-0.12952332;0.02653575;0.23428802;0.03680908;-0.15529649;-0.19410712;0.11818104;-0.13193259;-0.01397160;0.16189727;-0.13888483;-0.15617031;-0.27512515;0.09877840;0.36879614;0.13476911;-0.14901969;0.03001899;-0.08782513;0.03548718;0.00776666;0.03905764;-0.04250750;-0.11192664;-0.10362778;0.06137721;0.27658433;-0.10517584;0.00151025;0.23662184;0.11814278;0.06128653;-0.09740549;0.01184996;-0.06631216;-0.06908892;-0.03107810;0.06075867;0.08215211;-0.11387257;0.00386740;0.10216162;-0.21694061;0.29469475;0.00375017;-0.04242684;-0.01815405;-0.04252478;-0.13967341;0.00825323;0.24713412;-0.34463033;0.18483366;0.24781507;0.03179131;0.12466124;0.09711864;0.07927920;0.03155015;0.03082688;-0.18852621;-0.12071627;0.04462324;-0.07800817;-0.01157824;0.03906172
1;-0.06628163;0.10480647;0.02384299;-0.09000163;-0.14464118;0.16245295;0.02116544;-0.03527018;0.18284322;-0.07823533;0.06983212;-0.00151841;-0.34047917;-0.06698813;0.11375082;0.10165781;-0.09847482;-0.14913855;-0.16745670;-0.09492313;-0.00404098;-0.00988423;-0.00631202;-0.01217927;-0.25654292;-0.22182868;-0.08425753;-0.13309099;0.07204496;-0.14481679;0.05380793;0.01898405;-0.15301007;-0.00292250;-0.02503086;0.10877908;-0.08986473;-0.11341605;0.19984318;-0.04123308;-0.16216648;0.01788392;0.01109988;0.22481160;0.15631549;-0.03275389;0.07628130;0.01246925;0.15676138;-0.32411370;0.03627002;0.13150564;0.08019938;0.09889930;0.03751462;-0.13957970;0.09287293;0.19231722;-0.29135832;0.16782570;0.12658004;-0.16976960;-0.15806267;0.01140320;0.19570361;0.10800149;-0.16584839;-0.21314716;0.14706270;-0.17965855;0.00409434;0.15521523;-0.13453582;-0.14064071;-0.27929229;0.07363261;0.43019366;0.13676131;-0.15057695;-0.02680006;-0.10503943;0.02860040;0.00571973;0.07087174;-0.06116417;-0.11678791;-0.09065115;0.09473464;0.24756779;-0.06167253;0.01447921;0.24020863;0.14282617;-0.01542576;-0.07821871;0.04654653;-0.04984422;-0.10297397;-0.01204798;0.06468835;0.07806605;-0.15215524;-0.00040601;0.08380182;-0.17166319;0.27384943;0.01319547;-0.01714986;-0.00273731;-0.07446885;-0.14415029;0.03034370;0.25873691;-0.34897777;0.14130457;0.24288781;0.03557119;0.03375452;0.05687075;0.08065651;0.03571365;0.01850599;-0.20855683;-0.11243057;0.02970767;-0.09121241;-0.03093171;0.04720495
1;-0.08991228;0.16746445;0.02775230;-0.07635216;-0.13028941;0.16129726;-0.01537132;-0.07169674;0.15369231;-0.10060281;0.11733298;-0.03533739;-0.32461727;-0.08415253;0.11487013;0.13080969;-0.14152646;-0.17970815;-0.17266102;-0.08753026;-0.01616989;0.02260683;0.01888953;0.00339170;-0.24560452;-0.26899692;-0.04646391;-0.15731427;0.07415742;-0.13115270;0.05007016;-0.04280207;-0.16072850;0.01137300;-0.04386961;0.08632869;-0.09256778;-0.12050240;0.18371519;-0.04762217;-0.17757702;0.00987599;-0.00660864;0.23700005;0.15249166;-0.03294772;0.09267399;-0.00852553;0.13779055;-0.30908671;0.03389887;0.11410184;0.10608312;0.07491452;0.03738626;-0.10247489;0.08175491;0.21412766;-0.31023362;0.14573978;0.13374299;-0.12898542;-0.10189492;0.01133088;0.22126545;0.09661789;-0.14158672;-0.18986155;0.14295304;-0.16360421;-0.03108504;0.14248404;-0.09450353;-0.16993777;-0.29719847;0.04685609;0.40503785;0.13953282;-0.13191627;-0.01787355;-0.09927490;0.01475303;-0.00549658;0.04536716;-0.07969868;-0.11700607;-0.10624020;0.09055109;0.26762512;-0.06186317;0.01076668;0.24324581;0.12042534;-0.07039302;-0.06166676;0.04832894;-0.05679420;-0.06757468;0.00762732;0.05863545;0.04903745;-0.13647489;-0.00578761;0.05392519;-0.20344909;0.26791450;0.00218142;-0.03068803;-0.00049126;-0.06700001;-0.12904353;0.02409041;0.25692871;-0.35183781;0.12768213;0.24994528;0.06908029;0.07805689;0.04774556;0.04973578;0.02020699;0.00317202;-0.22515203;-0.13407867;0.05718067;-0.08614551;0.00229499;0.07929239
1;-0.04108144;0.11183186;0.04006815;-0.04121677;-0.14106748;0.14913131;-0.03186290;-0.01935336;0.18273930;-0.05745631;0.12234883;0.02075454;-0.26185900;-0.12043222;0.09476084;0.16751486;-0.16622119;-0.12395247;-0.08492277;-0.17248647;-0.03529388;0.07986207;-0.01284795;-0.00936227;-0.25806564;-0.20008332;-0.06867034;-0.16785173;0.07262953;-0.09042272;0.11420391;0.03180923;-0.13578497;0.02288454;0.05221496;0.10180507;-0.09943642;-0.11222596;0.22422352;-0.04656424;-0.09559865;0.04231669;-0.01261597;0.21848875;0.12052168;-0.02372614;0.09626034;-0.03634021;0.21325190;-0.29295477;0.08008169;0.13641669;0.06109178;0.08660671;0.02945973;-0.16527660;0.03151107;0.27340245;-0.30649230;0.12720750;0.06164983;-0.15297635;-0.09758333;-0.00794728;0.18756722;0.15029491;-0.12871364;-0.22088771;0.17611225;-0.15469927;-0.01152549;0.16956632;-0.10448691;-0.13930653;-0.30632207;0.07762101;0.42261872;0.12551227;-0.12217478;-0.03506755;-0.04793525;0.04967596;0.00857492;0.06219962;-0.08668811;-0.15223199;-0.05949547;0.06135926;0.24605159;-0.04711256;-0.02591491;0.21673815;0.10431692;-0.00060483;-0.06588877;-0.01587970;-0.02414744;-0.09889653;0.01721960;0.02835181;0.01433688;-0.10643287;0.03313150;0.07226826;-0.17230110;0.25764799;-0.00842342;-0.03595534;-0.06147147;-0.04772865;-0.11336283;0.08874928;0.28740987;-0.33629042;0.21075280;0.15609547;0.02079728;0.15872240;0.04354655;0.11099952;-0.05087889;-0.08632702;-0.17651451;-0.10131977;0.04318757;-0.05579728;0.05097853;0.05461405
1;-0.05757335;0.08399372;0.02162391;-0.05220378;-0.17366694;0.12184252;0.00320554;-0.01252993;0.19197206;-0.02154678;0.12204125;0.03662056;-0.28919294;-0.09368411;0.10290007;0.16270980;-0.15057105;-0.15482250;-0.08221474;-0.17645305;-0.03303736;0.07642689;-0.03340726;-0.02288039;-0.27086875;-0.19507945;-0.03816430;-0.17825823;0.10758626;-0.11203215;0.11250676;0.05638135;-0.13689427;-0.00045909;0.07822880;0.09628171;-0.10921653;-0.14570890;0.24662758;-0.03718038;-0.10319378;-0.01247351;-0.00263267;0.20503500;0.09290647;-0.03387083;0.14491290;-0.05274118;0.18841052;-0.26660198;0.08882996;0.15320106;0.06773699;0.09537304;0.02923390;-0.19047633;0.03711395;0.21216519;-0.29136392;0.14260158;0.08913219;-0.10390522;-0.12939306;-0.02030809;0.17771129;0.08524688;-0.10856154;-0.21700864;0.19544275;-0.15212820;-0.05222227;0.15262665;-0.12612143;-0.14923942;-0.25904605;0.07202110;0.37967128;0.10760345;-0.13938577;-0.00974302;-0.01884109;0.00909007;-0.01526991;0.07537632;-0.06799791;-0.11973772;-0.05250111;0.06001300;0.27164993;-0.06519902;-0.00405906;0.20044060;0.11272853;-0.03944123;-0.04603934;0.00904166;-0.03077691;-0.08484285;0.04249398;-0.01301826;0.10097259;-0.11677425;0.02826198;0.09732158;-0.17421184;0.26647550;-0.03011619;-0.03184183;-0.05268651;-0.06595778;-0.09716819;0.04867551;0.28735495;-0.26624838;0.22671618;0.17674167;0.00914210;0.12315635;0.02208632;0.10955928;-0.01393311;-0.03888422;-0.18023744;-0.12541494;0.02389938;-0.05941421;0.01162213;0.05487781
1;-0.10435831;0.08725356;0.01521033;-0.10800686;-0.14749302;0.10310517;-0.02005239;-0.08458266;0.22009191;-0.05527047;0.05989362;0.00725469;-0.30045748;-0.07624627;0.10217936;0.06820706;-0.19161062;-0.12449770;-0.10987148;-0.13474560;0.02474609;0.00129541;-0.02372274;0.04970560;-0.28274623;-0.23189270;-0.10529981;-0.11394524;0.07351877;-0.13571428;0.05753667;0.02137664;-0.17436531;-0.02720885;-0.02803406;0.10590578;-0.07606151;-0.12974790;0.17762180;-0.06842726;-0.13735680;-0.01489878;0.02548391;0.21462099;0.16984092;-0.02310405;0.07187580;0.02686337;0.18682465;-0.31534770;0.02087454;0.17155629;0.10025913;0.04310446;0.07850502;-0.13349436;0.02101343;0.20078330;-0.24264562;0.16716465;0.09716081;-0.15827268;-0.12592387;-0.02261443;0.19365671;0.13689096;-0.16054848;-0.19032049;0.13879815;-0.17452644;-0.05462024;0.12566017;-0.10991043;-0.17066598;-0.30049792;0.01815752;0.42018574;0.13188200;-0.17956838;0.01411207;-0.12451144;0.02707894;0.02810336;0.05888949;-0.07775631;-0.04958330;-0.09951910;0.10929146;0.27267429;-0.02789898;-0.00563599;0.24673620;0.12643643;0.00602493;-0.05572772;0.01867976;-0.05048986;-0.09953506;-0.02492192;0.05274072;0.13745482;-0.08631200;0.01537104;0.08154156;-0.17233333;0.27510452;0.05318800;-0.01285689;-0.02695133;-0.08743010;-0.18243085;0.06634995;0.27231663;-0.36818203;0.16778785;0.19415361;0.00115234;0.08922230;0.02851065;0.03950107;0.02061482;-0.01627745;-0.14501047;-0.12189545;0.04854366;-0.10924076;0.03693585;0.03716214
1;-0.08601940;0.16186601;0.03732348;-0.07117718;-0.14551389;0.15504122;-0.00293101;-0.07226520;0.16065516;-0.11505795;0.11124273;-0.04093443;-0.32553422;-0.07832386;0.11687303;0.13626403;-0.14486678;-0.17691828;-0.17555024;-0.10608535;-0.03120710;0.01493707;-0.00073582;-0.00298722;-0.24141909;-0.25333515;-0.04002681;-0.14467756;0.08252650;-0.14892960;0.05669594;-0.03185425;-0.14782184;0.00539427;-0.04303278;0.07352757;-0.09715319;-0.12035789;0.17671825;-0.06817853;-0.18407349;0.01031513;0.01207451;0.22920826;0.14617634;-0.05219685;0.07892250;-0.01443021;0.14665684;-0.30714211;0.02707296;0.11281503;0.09538865;0.07413806;0.05008145;-0.10699475;0.06931692;0.21401930;-0.27950239;0.14991099;0.14514180;-0.12135381;-0.11756856;0.01170516;0.18785749;0.08443069;-0.12763633;-0.20202211;0.14375401;-0.16500795;-0.03266754;0.14898516;-0.09196721;-0.16191536;-0.28860003;0.03958524;0.40518168;0.12921354;-0.12921774;-0.02478658;-0.08845876;0.01562027;0.00159908;0.03750078;-0.07882947;-0.13250980;-0.09628953;0.09484740;0.26581261;-0.05541094;0.01210360;0.22387706;0.13120475;-0.08184996;-0.06357322;0.03918785;-0.05600519;-0.07390190;-0.01247365;0.04438172;0.06207591;-0.14454801;-0.01699168;0.06127105;-0.20959416;0.27921122;0.01993316;-0.02692351;0.00866785;-0.04862406;-0.12902825;0.03866758;0.26558176;-0.33134496;0.13190363;0.25229219;0.07619679;0.06040727;0.04349162;0.04120683;0.02200442;0.00572689;-0.21059565;-0.13666336;0.04463281;-0.10019781;-0.01322041;0.06786694
1;-0.17836122;0.08557764;0.01731791;-0.05830099;-0.12819257;0.10691258;0.00134917;-0.09251956;0.20417017;-0.15214004;0.08356292;0.04610499;-0.29928908;-0.05757738;0.12628922;0.12112617;-0.11289794;-0.12813650;-0.11871047;-0.12369314;0.02903336;0.04811377;0.03228411;-0.00913509;-0.21466599;-0.27489707;-0.10849345;-0.08579520;0.02506600;-0.05375548;0.05211288;0.03437212;-0.15006116;0.00158719;0.01729842;0.18073387;-0.07278111;-0.09850624;0.19443482;-0.06392087;-0.11805274;-0.02761417;0.02138565;0.20814049;0.11553229;-0.02318168;0.06472702;-0.02438764;0.17127438;-0.30465448;0.06918199;0.09660554;0.06486601;0.11430921;0.06780141;-0.15241635;0.10560747;0.18178570;-0.20994394;0.05970032;0.10673985;-0.16770686;-0.11688636;-0.00966736;0.24292339;0.12708017;-0.14379606;-0.16239020;0.15491585;-0.13189404;-0.03052339;0.08859804;-0.14081568;-0.13816960;-0.28737751;0.08049154;0.43922609;0.15418103;-0.12772329;-0.00728684;-0.09320076;0.03513756;0.00384571;0.08265856;-0.07680736;-0.09135729;-0.07388759;0.09092521;0.24720131;-0.01030221;-0.01644032;0.24284230;0.15652339;0.04519797;-0.02424444;0.01684874;-0.02693615;-0.12029888;-0.03861663;0.05353103;0.05245611;-0.12970708;-0.00086459;0.11788806;-0.22448625;0.29658142;-0.00558476;-0.01441353;0.00390698;-0.04368052;-0.12281454;0.04960466;0.17514066;-0.33117670;0.13606206;0.21316014;0.03121377;0.16951680;0.01519791;0.11256204;-0.00095555;0.02279208;-0.22555391;-0.11668117;0.06725954;-0.04255183;-0.01899951;0.09538569
1;-0.04942136;0.06620254;0.01999015;-0.07958175;-0.12263662;0.14295895;-0.01891295;-0.03573218;0.17317016;-0.07229786;0.10644764;0.03450552;-0.26739821;-0.14810053;0.07395625;0.15863134;-0.14086141;-0.14374249;-0.09922370;-0.14047448;-0.03084549;0.04362557;0.01134945;0.00067616;-0.21977566;-0.18926968;-0.07700736;-0.15528949;0.05340636;-0.05132889;0.07706030;0.03774444;-0.14262810;0.01201677;0.06089951;0.13387255;-0.06037572;-0.09736098;0.19693920;-0.06333926;-0.08260804;0.02199433;-0.02625222;0.20312122;0.12711425;-0.02146922;0.09618144;-0.03651280;0.19422072;-0.28572384;0.08391921;0.12418888;0.08681592;0.07033985;0.02285734;-0.15779872;0.07421777;0.28723902;-0.28972492;0.11699311;0.04255518;-0.17054886;-0.07232791;-0.00787113;0.18489216;0.13766348;-0.12613718;-0.22298156;0.17720290;-0.15426834;0.00119430;0.12586652;-0.12484512;-0.13254526;-0.30363813;0.04716763;0.42521015;0.17933148;-0.15119290;-0.01923957;-0.10023662;0.06790134;0.02434482;0.03838594;-0.07319342;-0.13684326;-0.10417657;0.02378727;0.23722070;-0.05608457;-0.02881623;0.19946909;0.10895529;0.00073371;-0.05496069;-0.04163767;-0.02020095;-0.08112356;-0.00234699;0.03137663;-0.04820720;-0.11236273;0.04070517;0.06443640;-0.16432154;0.22517392;-0.01472921;-0.02927349;-0.07051304;-0.04330488;-0.10559013;0.04652794;0.25259972;-0.32441854;0.17988183;0.18847924;0.04571693;0.17679507;0.04858055;0.13196193;-0.04061468;-0.07564472;-0.15841493;-0.09496260;0.04200881;-0.03545258;0.06672018;0.07579356
1;-0.05628551;0.08423793;0.00822167;-0.06102194;-0.17511773;0.07594962;0.01381819;-0.03243743;0.19982824;-0.03570169;0.10624510;0.03903780;-0.26080492;-0.11440620;0.11232002;0.16210864;-0.14292857;-0.13061087;-0.08934533;-0.15358947;0.00185122;0.05234398;0.01016858;0.00581339;-0.28117222;-0.22619270;-0.06476326;-0.18189728;0.12008340;-0.09073993;0.06981935;0.06863733;-0.13175319;-0.01573494;0.06619333;0.09495923;-0.13344663;-0.12243635;0.18787149;-0.04241621;-0.10269248;-0.00100347;-0.01418338;0.19873588;0.16131495;-0.02317081;0.16471913;-0.04534792;0.18305622;-0.28768209;0.08264257;0.09018493;0.04987230;0.08741956;0.07535922;-0.16774535;0.04077765;0.24234205;-0.31522515;0.16894342;0.08162618;-0.13173731;-0.14426945;-0.01361835;0.19094349;0.12304474;-0.11589651;-0.20667081;0.20199475;-0.19322142;-0.02480439;0.14483498;-0.11128742;-0.14905599;-0.26283753;0.05404055;0.38863322;0.15768477;-0.12394025;-0.01101583;-0.01710424;0.04558658;0.00643200;0.05129975;-0.07918319;-0.13644566;-0.07985043;0.05063324;0.24783219;-0.06371269;0.00616072;0.23690093;0.09757635;-0.01898521;-0.04861112;-0.01795075;-0.06855858;-0.08658972;0.03414853;-0.02770557;0.07506029;-0.13594027;0.03181602;0.08880938;-0.14690790;0.26717201;-0.05734401;0.00382025;-0.05053846;-0.07363971;-0.10656603;0.05179221;0.24777231;-0.26378220;0.22069581;0.18346466;0.02670959;0.11602820;0.00515289;0.08036675;-0.01307574;-0.03730776;-0.17775220;-0.07773288;0.04341650;-0.09902802;0.01371084;0.04207757
1;-0.07648961;0.05866320;0.03728937;-0.07199994;-0.17832050;0.12175327;-0.00989118;-0.05465423;0.18212010;-0.09354046;0.11571663;0.02938321;-0.28856346;-0.11890707;0.08842006;0.16466437;-0.12589724;-0.16326365;-0.07654205;-0.13037348;-0.08873806;0.02862879;0.00183574;0.00858105;-0.19945827;-0.18764152;-0.08373141;-0.13594159;0.07660271;-0.07013644;0.07066021;0.01719613;-0.14398395;-0.01200839;0.06394888;0.15449123;-0.09382084;-0.11166720;0.21794549;-0.07864158;-0.10447729;0.03712779;-0.03997131;0.21839626;0.10559558;-0.01724377;0.09354432;-0.06856915;0.21058232;-0.26733440;0.09569670;0.13522592;0.09622085;0.02604667;0.01982970;-0.12968890;0.06975335;0.27993408;-0.27277890;0.11874178;0.09947988;-0.14944011;-0.07089522;-0.03215912;0.19771133;0.09932057;-0.11670960;-0.21169123;0.19313838;-0.13845931;-0.02390051;0.11916623;-0.12109622;-0.12278640;-0.27955803;0.06478433;0.42788523;0.13866790;-0.12414464;-0.00060462;-0.08470760;0.03173701;-0.03184575;0.05199226;-0.07868843;-0.16187170;-0.10553895;0.04443325;0.25889695;-0.06613465;0.01899669;0.17318851;0.11093076;-0.01227125;-0.06001208;-0.03100642;-0.05583862;-0.07055317;0.00694577;0.00536924;0.02595635;-0.11759274;0.05521572;0.08668318;-0.20214191;0.26072639;-0.03293096;-0.03709663;-0.02206055;-0.05189969;-0.09419548;0.05379239;0.26656142;-0.30204692;0.21110649;0.16471227;0.05128821;0.13557714;0.04346802;0.11238942;-0.03623600;-0.04590343;-0.17785628;-0.12327725;0.03974460;-0.07029523;0.08475584;0.09041166
1;-0.06819873;0.07394740;-0.00959338;-0.04553702;-0.16410965;0.07764003;0.05395946;-0.04732533;0.21756375;-0.04364467;0.11462154;0.05363297;-0.26271665;-0.10620625;0.12486660;0.15341853;-0.13958327;-0.14669202;-0.11274241;-0.16201176;-0.00343785;0.03505332;0.01600861;0.00874376;-0.27626804;-0.22483711;-0.04893431;-0.18560511;0.11634144;-0.08929688;0.07568195;0.06434775;-0.13266449;-0.01825093;0.05284476;0.09490978;-0.13414691;-0.10894959;0.21376556;-0.04778425;-0.11867315;0.01840658;-0.00782336;0.21058832;0.16493656;-0.04406858;0.16365637;-0.05355876;0.17248566;-0.28748038;0.07143340;0.08935242;0.05677446;0.07654350;0.08219191;-0.17042764;0.02427824;0.23420772;-0.27966028;0.18284096;0.09982675;-0.14003487;-0.13327630;-0.01950728;0.18893176;0.11221295;-0.10464947;-0.20325470;0.19023028;-0.19549908;-0.04268456;0.14022620;-0.11517657;-0.15299688;-0.26808667;0.04898378;0.39472133;0.15428741;-0.12483709;-0.00779631;-0.03631056;0.05697035;0.02311428;0.05446179;-0.07142951;-0.14708860;-0.09695777;0.04838812;0.25705954;-0.05190671;0.00192941;0.22430184;0.09804393;-0.02690033;-0.05377483;-0.02062623;-0.07842419;-0.07835842;0.01829281;-0.03126594;0.05759396;-0.13470650;0.04894068;0.08880486;-0.15853025;0.25147375;-0.06489162;0.01311867;-0.03474671;-0.04908096;-0.09298576;0.05485567;0.23442608;-0.26226097;0.22212306;0.19548862;0.02033957;0.10747445;0.00508402;0.08075189;-0.02288247;-0.00170429;-0.19760980;-0.05946123;0.02353892;-0.08389286;0.01687067;0.05351616
1;-0.09403362;0.04026489;-0.03436751;-0.07905646;-0.11585040;0.09446657;-0.03327651;-0.07142336;0.16865885;-0.11094017;0.09489604;-0.00525236;-0.29297459;-0.09356783;0.04901149;0.09713104;-0.12692466;-0.16141787;-0.16650623;-0.12984329;0.02131984;-0.01593504;-0.00741375;0.01572144;-0.27414846;-0.21930073;-0.13116278;-0.12120906;0.04044131;-0.08346761;0.00884833;0.03191353;-0.14611395;-0.00786549;0.01022555;0.10808631;-0.05081214;-0.08282637;0.19792025;-0.03572894;-0.10430197;0.02747235;0.04413961;0.22310932;0.18997175;-0.03504116;0.10314038;0.02072244;0.16336696;-0.29308885;0.03758857;0.14117938;0.14965159;0.10475294;0.12716988;-0.14180866;0.05871453;0.26308563;-0.18854550;0.17074491;0.04087146;-0.13541143;-0.10988235;-0.00148596;0.22998901;0.11655332;-0.16813856;-0.18768097;0.20923904;-0.15632194;-0.00171446;0.12811229;-0.12526101;-0.16353849;-0.24284504;0.06427363;0.44358838;0.14417785;-0.18075410;0.05288024;-0.06709583;-0.00890966;0.01353592;0.06512414;-0.08457001;-0.06640884;-0.08803484;0.06801114;0.26064658;-0.01403785;0.03794718;0.25311661;0.11223447;-0.00129026;0.00758824;0.00405685;-0.03985938;-0.09392753;0.02245931;0.09527493;0.05109316;-0.19596094;-0.00430444;0.02537031;-0.11427053;0.21506384;-0.02740318;0.02106069;-0.07396033;-0.04581207;-0.10099968;0.05918301;0.21741025;-0.39579329;0.13151985;0.18856163;-0.00601755;0.09884986;0.01342033;0.10009078;0.04106779;0.02612307;-0.17395437;-0.11396112;0.00921878;-0.11494501;-0.01993739;0.07234769
1;-0.04814941;0.14538160;-0.01342874;-0.05678001;-0.15473102;0.15422620;0.03235843;-0.05266105;0.18865900;-0.04657472;0.13378188;-0.01448505;-0.31217533;-0.11686348;0.10628521;0.11133412;-0.13301626;-0.18885039;-0.11651937;-0.10230111;0.00960071;-0.02220175;-0.00547992;0.02356306;-0.28622213;-0.23646271;-0.05974839;-0.17491196;0.07081185;-0.13652730;0.09057534;0.09715570;-0.14720786;-0.06293376;0.02175086;0.07711095;-0.10704640;-0.08813276;0.28211090;-0.05648935;-0.12314194;0.03189116;0.03569850;0.27489933;0.14150025;0.00325443;0.12261146;0.02675477;0.16843079;-0.32861298;0.03297612;0.16849357;0.09658642;0.12635967;0.01779834;-0.16177294;0.05549476;0.17178607;-0.26491541;0.18419784;0.08252540;-0.17816748;-0.12464912;0.00212676;0.24334396;0.06382320;-0.13371956;-0.19059856;0.13338089;-0.14444324;-0.05047729;0.18312973;-0.15951005;-0.15946534;-0.24549124;0.09906955;0.40198517;0.13558616;-0.16008203;-0.00060145;-0.06498126;0.02067126;-0.01620690;0.07989396;-0.03223049;-0.12844910;-0.08427498;0.06611852;0.27624533;-0.08534857;-0.02598118;0.25429064;0.12606750;-0.01288643;-0.04860238;0.02109284;-0.03861275;-0.08126430;-0.01562510;0.02303114;0.11582757;-0.09323469;0.00491552;0.06509981;-0.16874161;0.24963595;-0.04509798;0.00188689;-0.04598177;-0.08254127;-0.13322791;0.04431899;0.26522568;-0.33341593;0.19347133;0.21525788;0.00560959;0.07395626;0.07078567;0.05687193;0.04607643;0.01121648;-0.17012638;-0.14435156;0.09727202;-0.05496281;0.01411951;0.01118477
1;-0.12715203;0.08158601;-0.01204722;-0.05820779;-0.17413123;0.06121171;-0.00249480;-0.11770455;0.14502665;-0.05594477;0.12639108;-0.02231573;-0.25488436;-0.08529195;0.09981273;0.13727044;-0.09818218;-0.17095722;-0.11497119;-0.16989140;-0.06627427;-0.03319647;-0.05417227;0.01109226;-0.21222603;-0.21262629;-0.07378083;-0.10640340;0.05479254;-0.09285621;0.10916764;0.12352066;-0.12153183;-0.06520650;0.05737870;0.07801316;-0.09478696;-0.07503553;0.26433983;-0.07524434;-0.13109133;0.04272507;0.05085275;0.27502179;0.13764243;0.01556835;0.10318919;-0.01499094;0.18305473;-0.24244292;0.04167550;0.11988398;0.10343803;0.03982188;0.03527440;-0.20408893;0.05509624;0.19741580;-0.21346280;0.13287124;0.09907550;-0.21112534;-0.12215653;-0.01814671;0.26175585;0.07720891;-0.12612484;-0.14969820;0.17752536;-0.04660032;-0.03907996;0.09531996;-0.14611600;-0.15529576;-0.27295783;0.12021783;0.44102681;0.09493105;-0.18330953;0.03619914;-0.03325195;0.04530749;0.03375302;0.09014111;-0.09450816;-0.18109627;-0.07320661;0.00922357;0.23337789;-0.02140378;-0.04337052;0.16722284;0.09220254;-0.01265658;-0.04148190;0.01889810;-0.09142314;-0.06283469;-0.01072099;-0.03250056;0.15103564;-0.09515566;0.05389352;0.11699937;-0.19367443;0.27471516;-0.02012885;0.04883464;-0.03086359;-0.03380525;-0.05002338;0.07368249;0.20073532;-0.31023145;0.19408236;0.17507780;0.00516766;0.14661689;0.10045472;0.05386422;0.03387204;0.05025474;-0.18674038;-0.12240425;0.09485570;-0.03684716;0.07329267;0.09604909
1;-0.13412449;0.09958253;-0.00886345;-0.08994835;-0.14198789;0.09997170;0.01845162;-0.07850796;0.21227525;-0.08611786;0.12419783;0.06005432;-0.27306160;-0.06275007;0.12529886;0.11386888;-0.13446189;-0.14429057;-0.10640141;-0.16472971;-0.02447456;-0.00476093;-0.01839766;0.01529289;-0.26731262;-0.22563969;-0.06143809;-0.08408206;0.04377723;-0.04894742;0.05730142;0.09059891;-0.20327315;-0.03306082;0.02404060;0.15931292;-0.06121441;-0.09386561;0.20002285;-0.05809857;-0.09105365;0.00093984;0.03288654;0.23153666;0.12778881;-0.02893252;0.10213917;0.02405354;0.17746156;-0.28981715;0.00896394;0.11912831;0.04715471;0.09083647;0.00572016;-0.20388101;0.08567903;0.18188812;-0.19337036;0.08619526;0.08233967;-0.17892762;-0.11638582;-0.00455524;0.24949773;0.11342786;-0.13264000;-0.16965139;0.13434795;-0.11047991;-0.02586927;0.07480871;-0.15621111;-0.13998023;-0.29303199;0.10584549;0.38736534;0.12551671;-0.15081625;0.01151669;-0.06769223;0.06054048;0.03120760;0.06569669;-0.06560312;-0.10194940;-0.10952653;0.07947564;0.29682422;-0.00988351;-0.01093728;0.21403821;0.12086341;0.01707525;-0.04905595;0.04524285;-0.06623781;-0.07757519;-0.03126831;0.07459455;0.08906152;-0.10898980;0.00045147;0.13364585;-0.21904573;0.25424469;-0.02471627;0.00498437;-0.04690994;-0.05471423;-0.09439281;0.04152110;0.17776725;-0.29844549;0.18700108;0.23490256;-0.00546890;0.15259123;0.04602842;0.05849123;0.01178887;0.05132413;-0.18790856;-0.13511258;0.04449887;-0.07372984;0.00852300;0.07008122
