0;-0.08174296;0.03626810;0.03566110;-0.05173964;-0.00305343;-0.09759540;0.01558808;-0.09091125;0.10929100;-0.01166343;0.20763133;-0.00062212;-0.22663629;-0.21654445;0.07394885;0.05530491;-0.13418749;-0.06230525;-0.09274970;-0.02969681;0.03755068;0.00893968;0.09052338;0.09520411;-0.14090778;-0.36889762;-0.08952200;-0.11512019;-0.00161335;-0.10732214;-0.09806942;0.11480507;-0.19001891;-0.13127489;0.03613275;0.05751490;0.04287156;-0.02923051;0.19224277;0.07698285;-0.12659115;-0.01178026;-0.01176465;0.25326106;0.22798239;0.01908693;0.07119837;-0.05676245;0.15198685;-0.17588392;0.06377553;0.10469643;0.10277972;-0.00863797;0.07544874;-0.15944465;-0.01994690;0.14560850;-0.27194172;0.09069560;0.00115635;-0.16017319;-0.07728255;-0.05813179;0.18316737;0.10410263;-0.09908745;-0.15960060;0.22464895;-0.11844015;0.00721956;0.09736311;-0.13532518;-0.16651002;-0.25800076;0.08997764;0.31874272;0.13675317;-0.21589424;-0.00188477;-0.15839732;-0.05593072;0.04432101;0.07623319;-0.02508735;0.01377952;-0.06619962;0.03257293;0.14576617;0.06773880;-0.04122157;0.22806905;-0.01630863;0.04209345;0.07030052;-0.04179221;-0.11445620;0.03376223;-0.12671773;0.02685913;0.00869071;-0.16394980;0.03523497;0.10376905;-0.16907097;0.09907266;-0.02025691;-0.05347540;-0.02262059;-0.07755045;-0.08415474;-0.03036661;0.09896336;-0.33875045;0.21653877;0.17373940;0.09866737;0.14959374;-0.04289319;0.05429915;0.02462621;-0.03816275;-0.15424570;-0.02221484;0.11232068;-0.04015431;0.07158416;-0.01021778
0;-0.07283893;0.03085360;0.02728682;-0.03413411;0.00292074;-0.10274846;0.00149304;-0.08364858;0.12743522;-0.03732396;0.23641084;-0.00099394;-0.21757010;-0.21431999;0.06027842;0.05218380;-0.11939065;-0.03989675;-0.08182580;-0.02272361;0.03415444;0.00518915;0.11360797;0.07450089;-0.12682216;-0.38758805;-0.10373801;-0.12599492;-0.01073088;-0.11866620;-0.10190263;0.11613708;-0.18495877;-0.13207774;0.02629441;0.06171835;0.03458068;-0.01741967;0.19500005;0.08992370;-0.11624437;-0.02961109;-0.01556418;0.26173276;0.22741334;0.03759424;0.05320287;-0.04751778;0.15681484;-0.17633057;0.06663541;0.08673104;0.08870468;-0.01228552;0.10398350;-0.15239331;-0.02988730;0.13597937;-0.25010142;0.07064159;-0.01944683;-0.12555236;-0.08396602;-0.06234138;0.21534666;0.12309753;-0.09716258;-0.14699337;0.23886269;-0.11655384;0.00274744;0.08908915;-0.14585823;-0.16118866;-0.26487082;0.08824865;0.32430369;0.12029631;-0.18382451;0.00114441;-0.14832401;-0.06741899;0.03381959;0.07138893;-0.02386515;0.02243303;-0.05486301;0.01592530;0.14066604;0.05549409;-0.05401582;0.21248756;-0.05297326;0.06059901;0.06785920;-0.06182294;-0.11648525;0.03147960;-0.15092100;0.01719623;0.00968644;-0.17170916;0.01891040;0.11005222;-0.17467242;0.06314825;-0.01830830;-0.05664565;-0.00543373;-0.05197098;-0.11037608;-0.03664264;0.09291399;-0.34653965;0.23054430;0.16268262;0.10266204;0.14807950;-0.02758834;0.05279122;0.02777009;-0.02123338;-0.16188066;-0.02994933;0.09459188;-0.01908622;0.04514263;-0.01482160
0;-0.08415798;0.01577037;0.03251327;-0.04088036;0.02149931;-0.11722790;0.00661682;-0.07256560;0.12528008;-0.00190636;0.21312422;-0.01737977;-0.20512547;-0.22790767;0.08759741;0.07927123;-0.13359246;-0.05785592;-0.08874643;-0.04456573;0.03969198;0.00704257;0.09104301;0.09992216;-0.14890036;-0.38714236;-0.08761800;-0.14528757;0.01045640;-0.10742093;-0.10579320;0.10772866;-0.18724258;-0.13289079;0.03818635;0.06791783;0.02919806;-0.05021910;0.20821846;0.08460450;-0.11259186;-0.03994985;0.00336817;0.24469125;0.21953878;0.01705275;0.08031283;-0.03728911;0.15027018;-0.16994038;0.05503350;0.10067923;0.07859915;0.01760517;0.10394815;-0.15412663;-0.01331631;0.14083833;-0.27387244;0.09301065;-0.00544213;-0.13077834;-0.09865885;-0.06027432;0.20006777;0.10646767;-0.09241918;-0.14337118;0.24208231;-0.11414961;0.01140987;0.07937673;-0.13454880;-0.17151165;-0.25149176;0.08773032;0.29982018;0.12513889;-0.21323816;0.01193576;-0.13342185;-0.07153191;0.05311249;0.06612556;-0.01070497;0.02698306;-0.05505972;0.01758728;0.13926585;0.07308260;-0.00570777;0.22155373;-0.03113059;0.03419232;0.07323891;-0.04758206;-0.11338862;0.03530414;-0.12833294;0.02629850;0.02893689;-0.17444108;0.03513101;0.08410266;-0.16977346;0.07886399;-0.00219044;-0.05704431;-0.01901726;-0.04831047;-0.10565948;-0.04358919;0.10290518;-0.32247841;0.21849157;0.17657714;0.09375576;0.14899755;-0.04750813;0.07572641;0.01579443;-0.03131526;-0.16155745;-0.01735374;0.08806292;-0.02093866;0.03163463;0.00084724
0;-0.08517546;0.01629560;0.04933144;-0.03990969;-0.00100055;-0.10203370;-0.00657792;-0.07028149;0.10523794;-0.01059380;0.20657633;0.00602390;-0.19810577;-0.22509938;0.08649859;0.07126366;-0.13687173;-0.06650783;-0.08670894;-0.03325133;0.03820656;0.00546353;0.08858378;0.08527321;-0.14937001;-0.38442183;-0.09034988;-0.12462918;0.00959000;-0.09652498;-0.10215988;0.11295535;-0.20406403;-0.13081872;0.04344642;0.06695883;0.04280472;-0.03697397;0.18957146;0.06621185;-0.13950865;-0.03347350;0.00166720;0.24273874;0.22210930;0.02294582;0.06584616;-0.02823846;0.15501468;-0.17276400;0.06114885;0.09779289;0.08725068;0.00477937;0.09195575;-0.14002500;-0.00242460;0.15441953;-0.27585897;0.07913123;-0.01898540;-0.16014628;-0.06734683;-0.06575345;0.19251950;0.09984793;-0.09154022;-0.15921851;0.21313688;-0.11817284;0.00955804;0.10203993;-0.13362855;-0.16090889;-0.29255673;0.07258093;0.31689438;0.12588035;-0.21078476;0.00450422;-0.12701079;-0.07641277;0.05721833;0.08049542;-0.01283665;0.03186246;-0.05849610;0.02162964;0.16407500;0.07391720;-0.03045042;0.21382470;-0.03032726;0.03677244;0.06368140;-0.03687580;-0.10055393;0.01774878;-0.12874407;0.02871334;0.00093359;-0.15334593;0.01907619;0.09952158;-0.17167518;0.07530606;-0.01157151;-0.05514452;-0.03586089;-0.07162850;-0.09999881;-0.03946009;0.09180287;-0.33493927;0.21250255;0.18507677;0.09485486;0.14331214;-0.04679731;0.04092503;0.00503537;-0.04603622;-0.15613352;-0.02579582;0.11211605;-0.04398068;0.06554206;-0.00988451
0;-0.08225030;0.03857615;0.03366489;-0.05179043;-0.02059120;-0.11693069;-0.00515619;-0.08503740;0.11364725;0.01009234;0.18386295;-0.00665066;-0.22511484;-0.19548373;0.08708464;0.07068942;-0.12985139;-0.03382925;-0.08980384;-0.03810499;0.02983493;0.02804420;0.12016937;0.09692647;-0.13642853;-0.37257671;-0.09065682;-0.11410160;0.00348667;-0.11710200;-0.10417201;0.12035175;-0.17314674;-0.11603388;0.05762704;0.08658964;0.00304770;-0.07150881;0.19588023;0.08625662;-0.11984622;-0.04382227;0.01305825;0.23817915;0.23423839;0.00091668;0.05670783;-0.02638255;0.16604660;-0.17948337;0.03681749;0.10523061;0.06337210;-0.01511524;0.13558118;-0.14123930;0.01263723;0.13392174;-0.28555641;0.06834716;0.01106765;-0.15830074;-0.10532133;-0.06969540;0.15978198;0.12911719;-0.08272932;-0.13230395;0.21687409;-0.11863592;0.00973226;0.07666627;-0.13407023;-0.17003660;-0.23889722;0.05285072;0.32132241;0.13903268;-0.19007760;0.01859535;-0.08631187;-0.06982597;0.06077618;0.06401751;-0.04315095;0.02039640;-0.06220428;0.04586846;0.12446886;0.06392933;-0.01629109;0.21151491;-0.03214357;0.04962928;0.08615330;-0.06080806;-0.11012303;0.02312863;-0.13739850;0.03523225;0.03090058;-0.21241587;0.03548428;0.07440170;-0.16069466;0.06213560;0.01208378;-0.06393880;-0.02469527;-0.06673483;-0.12487604;-0.00966053;0.09836075;-0.32979116;0.23199813;0.16408862;0.05652487;0.13693738;-0.04630805;0.06372300;0.01763917;-0.03157808;-0.11887213;-0.04559764;0.08640827;-0.02540904;0.05341465;-0.01707375
0;-0.08421931;0.01245260;0.01795722;-0.04239905;0.00376346;-0.08738049;0.00861595;-0.08841260;0.12308092;-0.00114228;0.20699166;-0.00242366;-0.20477009;-0.22447139;0.09567160;0.06508574;-0.13811463;-0.06051999;-0.10042415;-0.04813797;0.02398361;0.00401703;0.08911189;0.08210291;-0.16296597;-0.37628114;-0.07428887;-0.14113551;0.01239224;-0.11094332;-0.09105185;0.11712310;-0.20298824;-0.12221338;0.03616509;0.06838733;0.04076852;-0.03888128;0.20432919;0.08242212;-0.13971423;-0.01861841;0.00975897;0.23183276;0.22004600;0.02355825;0.05896964;-0.03659664;0.18284608;-0.17547099;0.06721053;0.09406003;0.09031855;-0.01835029;0.10296842;-0.16197200;-0.02140019;0.13405228;-0.28258073;0.09169865;0.00257324;-0.13453622;-0.10407396;-0.07952733;0.18003169;0.11957278;-0.08795176;-0.15560172;0.22793448;-0.10956924;0.00586349;0.09873655;-0.13303408;-0.17264628;-0.27461037;0.08518049;0.32893348;0.12587845;-0.20015228;0.01171032;-0.12304290;-0.07336678;0.04732647;0.07116007;-0.02199512;0.02454033;-0.04367053;0.01891057;0.15093750;0.08572575;-0.02970397;0.21695286;-0.04378530;0.04506379;0.05115008;-0.05225465;-0.11836924;0.02639289;-0.12380080;0.01192088;0.02512543;-0.16535597;0.04431321;0.09563415;-0.18103217;0.08950227;-0.01110185;-0.04481658;-0.00692156;-0.04856627;-0.09367084;-0.02002662;0.09956388;-0.34165305;0.22531475;0.16446732;0.09414961;0.13822252;-0.03308041;0.05656637;0.01781336;-0.00934512;-0.18211442;-0.03253505;0.09687769;-0.04478826;0.05611803;0.00487778
0;-0.09538591;0.02397076;0.03211677;-0.03498163;-0.00143156;-0.10874525;0.01717890;-0.08851407;0.13440114;-0.01303685;0.17931439;0.00523887;-0.22038925;-0.20895028;0.04812935;0.06717752;-0.12849514;-0.06668908;-0.08913594;-0.04833240;0.03979147;0.02331314;0.09119573;0.06975907;-0.15744330;-0.36625540;-0.09637430;-0.11525195;-0.00769183;-0.10932051;-0.09501469;0.11248177;-0.19139792;-0.13602802;0.04051673;0.07362156;0.04026694;-0.03507154;0.19330916;0.09086380;-0.12824573;-0.02739374;0.01543792;0.25877494;0.21922635;0.03482202;0.05310815;-0.05704699;0.15975340;-0.17427567;0.05949265;0.09363510;0.06979920;-0.00619876;0.10229787;-0.15826651;-0.02377777;0.14474252;-0.27310491;0.08522675;-0.01585022;-0.14229341;-0.08838088;-0.05469302;0.18836938;0.12317172;-0.08691840;-0.14694715;0.24947980;-0.12633480;0.00386519;0.08209273;-0.12042473;-0.15406537;-0.26737666;0.06430101;0.34181112;0.11005016;-0.18387648;0.00783294;-0.13321924;-0.07190932;0.05653751;0.07476570;-0.03383315;0.02700578;-0.05302041;0.03051042;0.16378963;0.07957783;-0.04763290;0.20171943;-0.02855189;0.04231329;0.07060443;-0.04167871;-0.12486453;0.03143368;-0.14051761;0.00789257;0.03459640;-0.16605912;0.03644661;0.11163794;-0.16329542;0.07449819;0.00213443;-0.06328199;-0.02279077;-0.06483504;-0.10174625;-0.01584407;0.09957508;-0.32860580;0.24022596;0.16405156;0.07058290;0.14591870;-0.03913924;0.04596234;0.02410650;-0.02884195;-0.15241325;-0.03419250;0.09607166;-0.03775326;0.07918226;-0.00095496
1;-0.18402658;0.11435319;0.13941938;-0.08369923;-0.12072041;0.02371670;0.02544436;-0.09978312;0.24805437;-0.05293029;0.21963519;-0.08006814;-0.32358408;0.03256954;-0.09908441;0.15938511;-0.20816922;-0.20080186;-0.04215290;0.01080058;0.05662523;-0.02815790;0.00916969;0.05305602;-0.07392928;-0.38053507;-0.04031427;-0.00500514;0.08751837;-0.06570509;-0.07694624;0.06517282;-0.21745425;-0.02286797;0.03271270;0.11426091;-0.07118000;-0.19872963;0.16015276;-0.06027937;-0.21719518;-0.12677886;0.03064822;0.18971147;0.22505844;0.01338139;-0.02676423;-0.16188653;0.09141867;-0.30346248;-0.00322529;0.27059066;0.01210994;0.11837623;0.05298102;-0.23007594;0.04631218;0.09332057;-0.19522208;0.00452495;-0.00303495;-0.10500516;0.05345094;-0.15541367;0.12548074;0.09176196;-0.07694034;-0.20240819;0.22894464;-0.17553702;-0.02363757;0.07005024;-0.12358972;-0.24806674;-0.26805297;-0.07828398;0.35388365;0.21720046;-0.13386965;0.06672730;-0.12546362;-0.04488876;-0.00649445;0.09654083;-0.04074554;0.00664554;-0.16350499;-0.04039762;0.21860000;-0.03501267;-0.02898728;0.24378873;-0.01811360;-0.04405348;0.04679833;0.09420019;-0.10579664;0.04273854;-0.17320766;-0.07144850;-0.03719679;-0.09337996;-0.01329871;0.13039750;-0.22066516;0.10273445;0.00970850;0.01544208;-0.03664307;-0.10926531;-0.05926668;-0.02433945;0.16504064;-0.30939558;0.21990936;0.22858736;0.08228207;0.20187667;0.02610442;0.07743926;0.01849266;-0.09164596;-0.08312465;-0.08069516;-0.03242793;0.00442033;-0.02249825;0.08868952
1;-0.17655283;0.14600185;0.11309151;-0.07680693;-0.16359636;0.04426332;0.01666752;-0.10544918;0.25854948;-0.06883539;0.20792589;-0.05751194;-0.32431296;0.03235537;-0.09552864;0.16098647;-0.21532999;-0.22906467;-0.05015853;-0.00991325;0.07166120;-0.01104363;0.00602355;0.05463357;-0.10244962;-0.38920265;-0.01251033;-0.00338515;0.08781563;-0.07659361;-0.09405927;0.07850865;-0.22353770;-0.02226159;0.02866118;0.13697268;-0.06530775;-0.20185556;0.15314296;-0.04993115;-0.22679894;-0.11273876;0.03449440;0.19782084;0.24914001;-0.01225098;-0.02005701;-0.14837639;0.09783477;-0.31151870;-0.00089482;0.27991650;0.01724296;0.11409198;0.06109306;-0.22308099;0.02513367;0.08403906;-0.19018468;-0.02545197;0.01752229;-0.09558319;0.03760432;-0.17318828;0.12443629;0.09614462;-0.06669654;-0.18619958;0.21807946;-0.18041833;-0.04159535;0.06437641;-0.12844685;-0.23946570;-0.26104796;-0.07031255;0.35248387;0.22909980;-0.12341432;0.06302268;-0.10419700;-0.02984215;-0.00583654;0.06700455;-0.04614032;0.01097598;-0.16549878;0.00229645;0.22915269;-0.02652112;-0.03433974;0.24519469;-0.00398330;-0.06141491;0.06737818;0.11292818;-0.09637879;0.03224248;-0.18354145;-0.06030957;-0.02512781;-0.10874820;-0.02285546;0.12086007;-0.21467216;0.08542919;-0.00385257;0.01592261;-0.04772862;-0.12841029;-0.08005401;-0.01098565;0.17072108;-0.29983547;0.21670550;0.21952273;0.05980350;0.20679899;0.02628403;0.06474327;0.00905586;-0.11179614;-0.07770379;-0.10464527;-0.01728683;0.00159630;-0.01123967;0.08569315
1;-0.18623082;0.11042757;0.11717658;-0.07314743;-0.13452941;0.00123629;0.01710993;-0.10734723;0.23957504;-0.04527273;0.21731603;-0.06788951;-0.33970663;0.03680896;-0.13002387;0.15797117;-0.22709200;-0.21201521;-0.02331165;0.00736158;0.06181014;-0.00361011;0.01832397;0.06411088;-0.09865297;-0.37382883;-0.03505237;-0.00999716;0.07363381;-0.06106694;-0.07761318;0.08535157;-0.22516821;-0.02113847;0.04670766;0.14214671;-0.03777598;-0.20820552;0.16570014;-0.03040869;-0.20644669;-0.13897242;0.03156905;0.21239194;0.22492683;-0.00320042;-0.01005225;-0.17263816;0.08415189;-0.30568668;0.00916887;0.28474179;0.01847004;0.10788940;0.03695141;-0.24096876;0.04246581;0.11114365;-0.19071420;-0.00322352;0.01573943;-0.07514174;0.06458304;-0.15614980;0.14556101;0.08917262;-0.09735916;-0.15757881;0.23676439;-0.18006489;-0.04417243;0.03187540;-0.13250142;-0.25388768;-0.27892298;-0.07245653;0.34413368;0.22476700;-0.13443236;0.08013386;-0.11287656;-0.03062393;-0.00673306;0.11653078;-0.05710931;0.03262339;-0.16249284;-0.01352676;0.22163284;-0.00985118;-0.02957162;0.25159097;-0.02351102;-0.04546299;0.07698286;0.10249104;-0.09956753;0.03127133;-0.16965514;-0.04495207;-0.03449541;-0.10392482;-0.01355797;0.14405814;-0.20563969;0.07407018;-0.00357310;0.00058701;-0.04409568;-0.13220592;-0.05435336;-0.02507385;0.16547064;-0.29504696;0.22841126;0.21302572;0.06722564;0.22314024;0.03207470;0.08549023;0.01662550;-0.10236999;-0.08078720;-0.08456708;-0.02615060;-0.00980610;0.00159152;0.08556334
1;-0.17566025;0.15183407;0.10227426;-0.08240757;-0.13864473;0.01785789;-0.00228825;-0.11571392;0.24251531;-0.06924064;0.21119466;-0.04488339;-0.33340865;0.01036469;-0.11350888;0.14241007;-0.22766350;-0.20474562;-0.03324826;-0.00877540;0.10206750;-0.00210765;0.02545206;0.05600485;-0.10815457;-0.38189808;-0.02717012;-0.01351193;0.07767555;-0.06394205;-0.05667375;0.06864461;-0.21658200;0.01319983;0.01372952;0.12420512;-0.04305379;-0.18636584;0.15991202;-0.03546541;-0.22634630;-0.12238140;0.03900500;0.20512350;0.25881061;-0.00568569;-0.02102033;-0.14932057;0.09689041;-0.30616102;0.01677957;0.27907524;0.00608872;0.09517051;0.07896110;-0.22268614;0.02302688;0.09584724;-0.19404659;-0.03738929;-0.00557552;-0.08902581;0.01743756;-0.15154618;0.14062586;0.10526123;-0.07668807;-0.16346824;0.25558630;-0.19427304;-0.04824371;0.06174506;-0.11946327;-0.23306026;-0.24871960;-0.06148284;0.35504609;0.22460146;-0.13119237;0.09382500;-0.10381491;-0.03538054;0.01167912;0.08363316;-0.05200100;0.02035194;-0.16006421;-0.00770094;0.21660712;-0.02789430;-0.02272637;0.27198693;0.00607810;-0.06894644;0.08913315;0.08060102;-0.09375276;0.02156725;-0.19588220;-0.07592247;-0.00845653;-0.11702283;-0.03553745;0.11030822;-0.22397484;0.07429716;0.02206108;-0.01202949;-0.03040131;-0.13378637;-0.07058673;-0.02402351;0.16563283;-0.30455455;0.22715336;0.19521096;0.06692756;0.22930096;0.03306083;0.08587656;0.02171984;-0.12828301;-0.06560654;-0.10129356;-0.00829357;-0.00248606;-0.01475787;0.06952919
1;-0.17915915;0.11867260;0.11677700;-0.06917083;-0.16076675;-0.00295861;0.00825979;-0.12815687;0.22571610;-0.06354229;0.22166450;-0.10424783;-0.32845789;0.03130685;-0.11699937;0.15968980;-0.19779383;-0.21636330;-0.04635290;-0.00918142;0.07237396;-0.01030833;0.02310322;0.05962016;-0.08117092;-0.38925681;-0.02868396;-0.01390802;0.09587301;-0.06088040;-0.07992413;0.07825042;-0.22568344;-0.01955644;0.02703962;0.13943745;-0.06575411;-0.20795666;0.15850885;-0.06671169;-0.22898062;-0.11589346;0.03411635;0.19565786;0.23078260;-0.00113146;-0.01110472;-0.15688416;0.08993953;-0.30847397;0.00743289;0.27767181;0.02195561;0.10953149;0.05210452;-0.22182833;0.03292531;0.10575207;-0.20604442;-0.00566212;0.02400998;-0.07373125;0.05218181;-0.17620707;0.14754847;0.09935168;-0.08583771;-0.14827210;0.23799701;-0.19480282;-0.03395396;0.04566249;-0.12857838;-0.25840312;-0.26628619;-0.06127136;0.35806426;0.22624773;-0.12300493;0.07432411;-0.09342608;-0.02264955;-0.01328395;0.07665218;-0.05826697;0.02980390;-0.16431211;-0.01321717;0.22679473;-0.04205329;-0.02517467;0.26545590;-0.01358820;-0.05726694;0.07749201;0.10841922;-0.09146693;0.01613089;-0.17942309;-0.04286002;-0.02958457;-0.13338645;-0.02259320;0.10349073;-0.20551690;0.09043898;-0.00462327;0.00959928;-0.05726141;-0.12191793;-0.06543983;-0.01967426;0.17478715;-0.28986239;0.23290788;0.21401903;0.08619096;0.23224998;0.03291499;0.07988060;0.01754071;-0.11356893;-0.06429727;-0.10975565;-0.01388462;0.00443187;-0.01002646;0.10604718
1;-0.17145379;0.13364081;0.14288148;-0.05715987;-0.14728439;0.00594132;0.01752656;-0.12826949;0.22711781;-0.03533036;0.22725461;-0.08939320;-0.33468008;0.04345720;-0.12582116;0.14923842;-0.20865692;-0.20815873;-0.03672552;-0.00958750;0.05899602;0.00227625;0.02863754;0.05510530;-0.10105905;-0.37604645;-0.03655292;-0.01772549;0.09544744;-0.04119554;-0.07964281;0.08749051;-0.22061384;-0.02851410;0.03368808;0.11028882;-0.06300626;-0.21741459;0.17114270;-0.04337827;-0.20382248;-0.10542316;0.04327238;0.21051770;0.22259562;0.00621118;-0.00800865;-0.15127021;0.08804293;-0.31260037;0.00075801;0.29036322;0.01478450;0.10863350;0.05220982;-0.22871743;0.03175689;0.11307381;-0.20246494;0.02053850;0.00398229;-0.08070930;0.05512759;-0.16559030;0.14207891;0.09585512;-0.08671457;-0.12916617;0.22932842;-0.16292122;-0.03794063;0.04519473;-0.13698056;-0.25373694;-0.25682148;-0.04911815;0.37167197;0.20726168;-0.12640826;0.08059165;-0.09793550;-0.03039392;-0.01647025;0.08702221;-0.06854846;0.00586284;-0.16224091;-0.01655185;0.22750476;-0.03236749;-0.02631482;0.27572739;-0.02153846;-0.05904683;0.07384524;0.11340416;-0.10198152;0.01862311;-0.17156154;-0.05198823;-0.00433847;-0.12724406;-0.02355901;0.10883726;-0.22099395;0.06793942;0.00674031;0.00032655;-0.03476797;-0.13754100;-0.06141707;-0.00882715;0.18067904;-0.29954776;0.23897940;0.20744804;0.06155291;0.22648390;0.03420920;0.06642309;0.01921413;-0.10629664;-0.04880925;-0.11908517;-0.00134199;-0.00223491;-0.01040922;0.09336299
1;-0.16803797;0.09866560;0.14378649;-0.05776102;-0.15588067;-0.01777375;-0.00762807;-0.11834934;0.15141802;-0.03195210;0.26442638;-0.06249240;-0.26539680;0.01598240;-0.18064854;0.12283035;-0.23735876;-0.18644215;-0.01867644;-0.02618180;0.09111944;-0.00422513;0.02406704;0.07064096;-0.13244477;-0.34679607;-0.05154356;-0.04548699;0.08818366;-0.10285541;0.04023317;0.04513492;-0.20675425;0.03938025;-0.03113017;0.07958455;-0.04955259;-0.20299967;0.19893947;-0.02604997;-0.25213787;-0.05517456;0.06775106;0.25385854;0.25779685;-0.01546186;0.02057147;-0.11494029;0.11544573;-0.27276808;-0.00060554;0.26873252;0.01813171;0.06301971;0.09277829;-0.20491363;-0.01561593;0.11333945;-0.14427695;0.00081804;-0.03628714;-0.01010417;0.10402346;-0.17454121;0.11171357;0.08779336;-0.06370965;-0.17644548;0.27956444;-0.20778590;-0.08331713;0.12414135;-0.12139358;-0.20595531;-0.23334934;-0.07417405;0.40800065;0.15716055;-0.10976700;0.09371702;-0.09911280;-0.07767018;-0.01484436;0.10961982;-0.00895528;0.03082133;-0.16507629;-0.03657275;0.24623762;-0.02003844;-0.02233635;0.23183998;-0.00167941;-0.10454342;0.09499150;0.07590563;-0.14623864;0.08950287;-0.14500672;-0.05590713;-0.05975495;-0.09969547;-0.02192357;0.08477692;-0.18579251;0.13176064;0.01293056;0.00409576;-0.07636834;-0.07311343;-0.04390115;0.03588432;0.18567421;-0.30683354;0.24199112;0.15899360;0.04515790;0.19159406;0.04448728;0.09127865;-0.01598018;-0.08135591;-0.07195253;-0.10634396;-0.08056845;-0.06543766;0.00505026;0.07404454
1;-0.19456185;0.15414856;0.10219743;-0.07847989;-0.15671457;0.01695279;-0.02667540;-0.11996680;0.23263438;-0.06030775;0.23630761;-0.08106212;-0.31944704;0.00810613;-0.13446699;0.16159885;-0.20813406;-0.20344415;-0.01432601;0.00156713;0.09114061;-0.02415708;0.00807055;0.07233714;-0.09270979;-0.37764287;-0.01625610;-0.01366950;0.08091424;-0.09467512;-0.08553842;0.06030428;-0.22185302;-0.01684339;0.00393125;0.14814544;-0.05337563;-0.19269674;0.16269377;-0.05524996;-0.23314972;-0.12287433;0.05729758;0.21425286;0.24248245;-0.00403814;-0.04534856;-0.13461339;0.09407651;-0.29623234;0.01208264;0.27172902;0.04158223;0.10804626;0.05420599;-0.22287707;0.02759429;0.09840640;-0.18654330;-0.04476817;-0.00368052;-0.08296090;0.04034114;-0.16114266;0.16902930;0.11400441;-0.08310188;-0.13800581;0.23071231;-0.15729412;-0.04685827;0.04189207;-0.11824452;-0.23324117;-0.26024571;-0.04653563;0.34147581;0.20346442;-0.14786053;0.07615083;-0.08959986;-0.05278499;-0.01192472;0.08220141;-0.04739265;0.01349441;-0.15916465;-0.01618847;0.20678064;-0.03837429;-0.00310448;0.24178597;-0.00823564;-0.05911367;0.07539574;0.11527792;-0.11774988;0.04079023;-0.18371364;-0.06516641;0.00129865;-0.11675895;-0.02799991;0.11680419;-0.23015274;0.07623661;0.03584791;-0.00722895;-0.02475949;-0.11838980;-0.05863312;-0.02954144;0.16383404;-0.28733596;0.24687819;0.18951219;0.07281796;0.23076318;0.05260255;0.07971070;0.02643022;-0.11502126;-0.05736557;-0.10670174;-0.00561988;-0.01305690;-0.00740227;0.08794586
1;-0.17094420;0.07795016;0.13503908;-0.05799248;-0.14462472;0.00479156;0.00550978;-0.10621372;0.13563763;-0.02742169;0.26189813;-0.04719960;-0.26537654;0.00986599;-0.13663028;0.10867642;-0.22503559;-0.18458967;-0.03746706;-0.01920220;0.07145752;-0.00879429;0.01556545;0.07180978;-0.10205061;-0.35911071;-0.03852933;-0.03651500;0.10036574;-0.07138769;0.03672545;0.05682657;-0.20682697;0.02120241;0.00482149;0.11830012;-0.04652576;-0.19347982;0.20407738;-0.02342761;-0.24926414;-0.04643625;0.06393930;0.27241609;0.26806939;0.00096161;0.00457782;-0.10771656;0.12272911;-0.29465413;0.00816954;0.26733124;0.01461642;0.05105326;0.10384576;-0.20154442;0.00679802;0.08702313;-0.17177667;-0.01527941;-0.03084356;-0.04238094;0.09375985;-0.19724287;0.13404275;0.08483815;-0.07416073;-0.19584344;0.27447394;-0.19450597;-0.09044440;0.13219546;-0.12813206;-0.18813905;-0.25135979;-0.05430757;0.42422271;0.17128137;-0.12362967;0.10664762;-0.11040866;-0.07756402;0.00191368;0.11395052;0.01591679;0.01832387;-0.16246527;-0.04995766;0.23663053;-0.00747052;-0.04736414;0.21189603;-0.00718323;-0.10850590;0.10764387;0.08267310;-0.14493895;0.06865235;-0.19041206;-0.08510995;-0.04941896;-0.08606761;-0.00463773;0.09526588;-0.20328897;0.13822924;-0.00123696;-0.00232364;-0.05091029;-0.10197241;-0.05894998;0.05511568;0.18219276;-0.34372085;0.24795242;0.15356387;0.06221459;0.18447231;0.05828122;0.07403909;-0.01619558;-0.07527955;-0.09425664;-0.12884064;-0.07953133;-0.04378296;0.02006928;0.07285706
1;-0.16030923;0.10758618;0.11862267;-0.09486517;-0.17219330;-0.00872028;0.00780959;-0.12711449;0.14820042;-0.01878639;0.24855429;-0.03234767;-0.22749911;-0.03471822;-0.09174339;0.10891858;-0.22777815;-0.17429833;-0.01103044;-0.03180588;0.05472013;0.01246061;0.03944371;0.09416816;-0.12643225;-0.33700675;-0.05763537;-0.02884152;0.12563826;-0.09336456;0.02296505;0.05836999;-0.21193705;0.02087167;-0.00704962;0.10770765;-0.05191995;-0.20036207;0.18306033;-0.03535818;-0.25045112;-0.05712992;0.06121922;0.25685832;0.28599063;-0.04823639;0.01250515;-0.10226621;0.12456747;-0.26335794;0.04800400;0.22555158;-0.05766852;0.03157450;0.08771449;-0.19025867;-0.03953398;0.13558121;-0.18057069;-0.01046644;-0.02397484;-0.06251313;0.06361654;-0.17972539;0.10986216;0.11613527;-0.06441327;-0.23777743;0.23328049;-0.20055640;-0.08332154;0.13533010;-0.11285810;-0.16683191;-0.26460165;-0.02195902;0.40437892;0.15720041;-0.10383293;0.10919724;-0.09752277;-0.09439810;0.02023967;0.11576908;0.02397500;0.01670055;-0.17725299;-0.00250269;0.22228107;-0.01325124;-0.03592486;0.24050924;-0.01980567;-0.08684522;0.08998358;0.11303511;-0.16816930;0.09340061;-0.17459753;-0.08319258;-0.00656720;-0.07037101;0.00010671;0.11988104;-0.18019038;0.15687358;0.02265414;0.00633144;-0.05728283;-0.13907984;-0.04866626;0.03981976;0.16488522;-0.31612328;0.24611442;0.11767028;0.06562800;0.20110986;0.06165424;0.05943039;0.00474650;-0.10345984;-0.06967606;-0.06284278;-0.04717566;-0.04668231;0.03913042;0.07981840
1;-0.17838708;0.11394077;0.14337710;-0.07966439;-0.16023521;-0.03123308;0.01033713;-0.14178069;0.13348845;-0.03717239;0.24720024;-0.04362669;-0.27360609;-0.00441126;-0.12893729;0.10671891;-0.25999078;-0.20635200;-0.00714678;-0.00952456;0.06715872;0.00036242;0.02227082;0.07173466;-0.08221851;-0.34368652;-0.05122798;-0.02901836;0.10580543;-0.06044144;0.03038558;0.06193673;-0.21251622;0.01185631;0.01208973;0.10548788;-0.04172097;-0.19584584;0.20956352;-0.02156152;-0.25006902;-0.07799330;0.06441075;0.25499734;0.26280233;-0.03680222;0.00949841;-0.13432853;0.11084467;-0.29334480;0.02305242;0.27681571;0.00084437;0.05028815;0.09873469;-0.22683550;-0.00622363;0.07733548;-0.16116364;-0.00422277;0.00504196;-0.04162905;0.08457627;-0.19367723;0.10910574;0.09315774;-0.05995432;-0.22880346;0.26903516;-0.21082805;-0.10589381;0.14037994;-0.11453239;-0.18086131;-0.23995164;-0.06456549;0.40237886;0.18642910;-0.11144506;0.09079272;-0.11638363;-0.09755082;0.00658341;0.12095195;0.00214744;0.04503321;-0.16152723;-0.03110817;0.22638588;-0.00194912;-0.04990949;0.23721436;-0.00767340;-0.07695179;0.11693108;0.07131325;-0.12280663;0.07945352;-0.19933955;-0.07108199;-0.05099097;-0.10487234;-0.01158973;0.12119312;-0.18297863;0.11449113;-0.00547206;-0.00239887;-0.08125872;-0.12039964;-0.05794239;0.04699911;0.18093102;-0.31403133;0.25260329;0.15517470;0.05555747;0.17728612;0.05955097;0.07041251;-0.00154302;-0.11211117;-0.07929474;-0.10135795;-0.07020507;-0.04834753;0.01282847;0.06809613
1;-0.13593791;0.11623490;0.08931031;-0.10290072;-0.15990077;0.00129743;-0.00831454;-0.13224165;0.18631755;-0.07185873;0.26231924;-0.04912024;-0.25205231;-0.01967503;-0.10493775;0.11993204;-0.23143832;-0.18763824;-0.00183891;-0.04668401;0.06384722;-0.00638988;0.01335248;0.08664069;-0.14117591;-0.34012163;-0.03159048;-0.02622026;0.13206895;-0.10273440;0.00780973;0.03521111;-0.23119316;0.03088728;0.01299189;0.13413674;-0.04691454;-0.20524508;0.16996552;-0.03393575;-0.25854674;-0.07888319;0.02340201;0.21453172;0.25108540;-0.05260849;0.01617403;-0.13837835;0.13039754;-0.21974002;0.04346379;0.24085619;-0.02533227;0.04219916;0.06279533;-0.19379514;-0.03983211;0.14632477;-0.17154218;-0.04204829;0.01664846;-0.04257689;0.06146423;-0.17194436;0.10628431;0.09411808;-0.07827957;-0.23910476;0.24184445;-0.21423116;-0.06530691;0.12538788;-0.09784020;-0.18792072;-0.23444720;-0.01846750;0.38943547;0.18333790;-0.09010157;0.09555921;-0.08689884;-0.07443783;0.02495338;0.12187308;0.02032964;0.04122923;-0.13793218;-0.00626668;0.22566488;-0.00476107;-0.04121691;0.21753381;-0.05247359;-0.07783631;0.07987996;0.08143435;-0.17236906;0.09276209;-0.12998530;-0.08288986;-0.03158052;-0.07807750;-0.00198923;0.12167873;-0.17578501;0.14618558;-0.00705659;0.00850982;-0.03913072;-0.09208164;-0.03988620;-0.00309521;0.15861294;-0.32192701;0.24685705;0.13191679;0.08168859;0.20565718;0.06640707;0.07773209;0.03061548;-0.10017340;-0.08674691;-0.08240335;-0.06266360;-0.04909821;0.05166079;0.03585476
1;-0.16089739;0.12679026;0.10671614;-0.09813736;-0.16221772;-0.00354078;-0.01663937;-0.13704157;0.16138643;-0.04410479;0.24733303;-0.03447106;-0.24821579;-0.01846379;-0.10821141;0.11837975;-0.22931655;-0.18219294;-0.00257361;-0.03958884;0.05028358;0.01136085;0.02391904;0.10594850;-0.09401746;-0.33324647;-0.03305696;-0.01529658;0.12926702;-0.09234145;0.00688290;0.02790224;-0.23093301;0.02456024;0.00282923;0.14236845;-0.04892954;-0.19664057;0.17635205;-0.03069110;-0.24084637;-0.06552717;0.03760251;0.23680586;0.26339468;-0.04859187;0.01289359;-0.12919319;0.12862864;-0.23820361;0.04562161;0.24177881;-0.02646285;0.01892959;0.06994002;-0.21238030;-0.04089165;0.12858200;-0.15991762;-0.02223207;0.00516225;-0.04440750;0.06960020;-0.17678368;0.11961211;0.10592899;-0.06465865;-0.25211808;0.24432847;-0.21407019;-0.07947318;0.12765433;-0.10383886;-0.16234143;-0.25904626;-0.02654557;0.40241450;0.16461308;-0.10142286;0.10240436;-0.09759527;-0.08381296;0.02141699;0.12329087;0.01292111;0.03168798;-0.16910453;-0.01703514;0.22737503;0.00790393;-0.04954518;0.21210508;-0.02478555;-0.06761412;0.09399393;0.07963968;-0.16601601;0.07929500;-0.16865136;-0.08344255;-0.05938519;-0.07483466;-0.00627954;0.12868594;-0.17210579;0.13751443;0.00590272;0.00391699;-0.05858356;-0.09026942;-0.06058328;0.00621405;0.16808657;-0.30785543;0.24592827;0.12442914;0.08800173;0.19402875;0.07185306;0.08354785;0.01819858;-0.08621747;-0.07667423;-0.07503452;-0.06852566;-0.05839307;0.05100435;0.06853652
1;-0.16131632;0.11563680;0.12539722;-0.08249547;-0.16622637;-0.02293312;-0.00187456;-0.11667791;0.16621843;-0.04624129;0.27131549;-0.03374644;-0.28577170;0.04423727;-0.14242114;0.13386326;-0.24990037;-0.21279791;-0.01615161;-0.02150995;0.08737274;0.02081981;0.03003459;0.04085844;-0.10591597;-0.37136000;-0.05311989;-0.03613814;0.08734442;-0.06716067;0.05756159;0.04304485;-0.20792645;0.03125283;0.00087689;0.06073003;-0.03595244;-0.21270731;0.20530465;-0.01975404;-0.27385446;-0.07799391;0.06205162;0.24259247;0.25967169;-0.02003689;0.01634098;-0.11676510;0.07910869;-0.29708603;0.00760817;0.23893434;-0.00350258;0.04105733;0.07599316;-0.21793014;-0.00062174;0.09811082;-0.17184219;-0.02368812;-0.00891382;-0.03509047;0.07824729;-0.16098797;0.13711770;0.08479141;-0.06949154;-0.17712800;0.25370690;-0.20117071;-0.09406783;0.11944663;-0.12899548;-0.21464261;-0.24585229;-0.09279177;0.41302207;0.17320473;-0.10587393;0.11431624;-0.08746837;-0.03490951;0.02059381;0.10246515;-0.01092399;0.04629831;-0.17979504;-0.02801053;0.24729826;-0.01679632;-0.07998407;0.25867808;-0.02635606;-0.06552897;0.11656447;0.09967109;-0.09532847;0.04184566;-0.17088205;-0.08404630;-0.02593679;-0.06960165;-0.03565728;0.11225830;-0.18893789;0.10795343;-0.00779552;0.02592462;-0.06983006;-0.09642264;-0.02494246;0.03391574;0.17729227;-0.29480597;0.22674468;0.17363998;0.02057447;0.20251854;0.06013773;0.03750892;-0.02118817;-0.11474003;-0.11725775;-0.10194120;-0.06527489;-0.03528788;0.05315553;0.07913202
1;-0.14316157;0.08496170;0.10049331;-0.08776749;-0.14829744;0.01056295;0.01003380;-0.11614126;0.19070137;-0.05230965;0.26736391;-0.07236668;-0.30518791;0.02152778;-0.12173533;0.11582496;-0.24127145;-0.16990812;-0.02862887;-0.01609282;0.06412551;0.02416257;0.03226093;0.07804692;-0.10576979;-0.36995375;-0.06482889;-0.04005022;0.11325138;-0.08111702;0.01523097;0.06933895;-0.19499163;0.01098537;0.02034352;0.11111344;-0.03906269;-0.21935655;0.19129959;-0.01005204;-0.23909424;-0.09655191;0.06117437;0.24033651;0.24277589;-0.01967585;0.01476120;-0.11524908;0.10910106;-0.25750592;0.00207857;0.24974501;0.01608130;0.05396498;0.09274050;-0.21858408;-0.00698497;0.11440944;-0.17115700;-0.01456059;0.00006771;-0.04076430;0.10049310;-0.14336911;0.11836358;0.07799174;-0.07085431;-0.20543309;0.25576481;-0.19842167;-0.06489496;0.13126841;-0.13428840;-0.19564557;-0.21830265;-0.07878248;0.41880244;0.14752232;-0.09242620;0.09154641;-0.11379591;-0.08659859;0.01818523;0.10017151;0.02190376;0.00409701;-0.17633957;-0.03073164;0.25122377;-0.02977945;-0.03984319;0.21575172;-0.03198918;-0.09294644;0.10120472;0.08759512;-0.14749053;0.08017459;-0.14859183;-0.06112929;-0.05770784;-0.10483424;-0.02459593;0.07942351;-0.18810309;0.11320378;0.02208712;-0.01444865;-0.05387695;-0.10933983;-0.07010710;0.03220600;0.19480965;-0.34228995;0.23423970;0.14635374;0.04797339;0.20750755;0.03148296;0.08869720;0.00346174;-0.10008448;-0.07569295;-0.12556103;-0.08080760;-0.02254960;0.01855217;0.04385415
1;-0.14432444;0.10330173;0.08024485;-0.10304385;-0.16330333;0.00392437;-0.02001434;-0.10323316;0.21393663;-0.04683656;0.28791755;-0.05242436;-0.25974852;-0.02480316;-0.08716154;0.13097650;-0.21817467;-0.17133676;-0.00069421;0.00800211;0.10642151;-0.01399273;0.02629520;0.11432038;-0.14024420;-0.36984563;-0.03688605;-0.04227253;0.07402512;-0.12870926;0.00070314;0.04521739;-0.22997239;-0.00065694;-0.00437782;0.14289719;-0.02742361;-0.20687255;0.15195349;-0.01584193;-0.26855475;-0.08271699;0.04188581;0.21134067;0.26246741;-0.03747958;0.00988547;-0.13351566;0.10554858;-0.25671738;0.02404887;0.22216304;-0.01228129;0.03216666;0.08470777;-0.22576655;-0.00257540;0.12283508;-0.17348230;-0.04956404;-0.00856037;-0.01440275;0.06268305;-0.15193601;0.13338891;0.11676726;-0.06933350;-0.20883191;0.20018956;-0.18795364;-0.08078759;0.09448697;-0.11877264;-0.21372010;-0.25142357;-0.05694386;0.37605250;0.14658222;-0.15673332;0.13134444;-0.09518624;-0.06524283;0.01742976;0.11201993;0.02724334;0.05793663;-0.17021185;-0.02050264;0.21060394;-0.01625912;0.01887262;0.26106438;-0.05035423;-0.07121604;0.11500625;0.08221496;-0.15957011;0.11001675;-0.14714189;-0.08364883;-0.01292166;-0.09266520;-0.01159669;0.08587214;-0.24331854;0.11785378;0.01295726;0.00968965;-0.01972897;-0.11178327;-0.05440329;0.00846840;0.17559043;-0.32628268;0.23558280;0.13983370;0.05481088;0.22055137;0.08197888;0.09387369;0.01685720;-0.08301696;-0.10078787;-0.03972621;-0.06396555;-0.05743684;0.01089614;0.05113299
1;-0.17289571;0.12184691;0.13342632;-0.09418870;-0.17612022;-0.02071876;0.02095263;-0.13071951;0.17628823;-0.00821679;0.25649607;-0.02050991;-0.21834779;-0.00183583;-0.10790455;0.10873495;-0.23760165;-0.20273876;-0.01328494;-0.01805654;0.08577681;0.02120110;0.00183388;0.10090765;-0.13652515;-0.34961787;-0.04920799;-0.03057525;0.09649390;-0.08560203;0.02823689;0.07586339;-0.22600876;-0.00866572;0.03338730;0.11934014;-0.02995502;-0.19773081;0.15931883;-0.02308992;-0.25798482;-0.06069287;0.06727335;0.24721794;0.26417992;-0.02723746;0.00032218;-0.13430154;0.10043548;-0.26125047;0.01433754;0.25729582;-0.03249830;0.04118750;0.08537760;-0.20683619;-0.01103921;0.07575644;-0.19348912;-0.03308839;-0.01090718;-0.07602500;0.05529719;-0.20792760;0.08273569;0.10676195;-0.05735619;-0.22147402;0.22704427;-0.21082024;-0.11032780;0.09531301;-0.11001687;-0.18192323;-0.26519924;-0.06083640;0.39830312;0.16939484;-0.13710251;0.12052916;-0.09382113;-0.06674922;-0.00321189;0.11532711;0.00493028;0.04949899;-0.14995272;-0.00895376;0.21418804;0.00529991;-0.01249076;0.24462910;-0.04292219;-0.08544063;0.11528958;0.10051754;-0.14768139;0.09727285;-0.16134374;-0.06650293;-0.02126459;-0.07920662;0.00574204;0.12667589;-0.22144435;0.12758575;-0.00040004;-0.00021310;-0.05249669;-0.12611078;-0.05126423;0.02093250;0.17798194;-0.30967140;0.25266585;0.15699156;0.02036588;0.20357911;0.05724885;0.06940921;-0.01071181;-0.09524514;-0.08499888;-0.07807337;-0.05262065;-0.07229947;0.01241993;0.05801428
2;-0.08238262;0.10533028;0.05824352;-0.15549643;-0.08591528;0.00497432;-0.00238795;0.00566727;0.13471323;0.04982622;0.11548412;0.06019902;-0.26282236;-0.06463698;0.05820207;0.06418528;-0.11883450;-0.10913141;-0.08832972;-0.05613548;0.03425725;0.04812185;-0.00028032;0.06619713;-0.19560647;-0.26960087;-0.10344449;-0.13668987;-0.04389095;-0.12294883;0.04177815;0.04365028;-0.14243881;-0.08360442;0.05277511;0.04763806;-0.13118923;-0.08858790;0.17826697;0.05841269;-0.10596178;-0.01221879;0.08190579;0.34540763;0.22707246;-0.01143512;0.05652636;0.05246772;0.11075637;-0.34171149;0.06176210;0.14502442;0.11739089;0.12430528;0.15093055;-0.13137019;0.10853564;0.13460417;-0.29105854;0.11942338;-0.00042939;-0.16666928;-0.06351859;-0.02955280;0.21498117;0.11317050;-0.14317018;-0.08508531;0.08551101;-0.12218437;-0.02133358;0.08265902;-0.16362721;-0.16423847;-0.26103675;0.08882108;0.30522698;0.15347695;-0.19957714;0.01199838;-0.08225616;0.02369044;0.01218292;0.00564572;-0.08658154;-0.05133096;-0.06715096;0.06245809;0.17118415;-0.05777835;-0.01196011;0.19446786;0.04682776;-0.06490792;0.06721992;0.03722109;-0.07322711;-0.07699859;-0.10178945;0.05386788;0.03760883;-0.19601610;-0.00952684;0.07358243;-0.21763282;0.12880997;0.04916146;-0.11164378;-0.09116505;-0.07969178;-0.16009368;-0.02591302;0.17941217;-0.30516833;0.24253748;0.21933797;-0.04084638;0.11249772;-0.02482711;0.01127896;-0.05371322;-0.01778184;0.00473117;-0.08483208;0.07753006;0.02439984;0.02299383;-0.02501205
2;-0.08466136;0.13259874;0.08070317;-0.16087556;-0.07247073;-0.00318888;0.01060309;-0.00326482;0.15631698;0.03846584;0.12959197;0.06630430;-0.28337681;-0.06539363;0.04220710;0.05464278;-0.11608633;-0.09236631;-0.09376423;-0.06178595;0.05140103;0.06345243;-0.01461127;0.06914939;-0.17425671;-0.26308587;-0.10462089;-0.13405323;-0.04441470;-0.13782586;0.05628952;0.03477617;-0.13174018;-0.08348446;0.03399888;0.03278002;-0.13156028;-0.08955615;0.18415399;0.05104395;-0.09409278;-0.01603176;0.10981680;0.33783913;0.21842268;-0.01811033;0.05064693;0.03680582;0.12751478;-0.31665385;0.02951334;0.14967263;0.12342107;0.14921741;0.15347442;-0.14960951;0.10765190;0.12797393;-0.30912766;0.13255869;-0.00657540;-0.17906176;-0.08737356;-0.00191820;0.20057131;0.10654698;-0.14899564;-0.10015381;0.09220946;-0.14879848;-0.02427907;0.10212099;-0.15593345;-0.15360595;-0.23470032;0.08034987;0.30838743;0.14252239;-0.19561127;0.00749171;-0.09557265;-0.00360766;0.00762980;0.01271054;-0.08481131;-0.05632440;-0.06538789;0.06285021;0.16497913;-0.04104193;0.00223418;0.21489263;0.06701881;-0.05748126;0.05378276;0.03595307;-0.09093344;-0.07018700;-0.10343529;0.05015991;0.02854074;-0.20624451;-0.01323315;0.04881913;-0.22263464;0.14119145;0.07369194;-0.10437992;-0.09054933;-0.07820218;-0.16104516;-0.01590884;0.18823640;-0.30820400;0.25363955;0.20879547;-0.03314840;0.11077267;-0.02669742;0.01814521;-0.03958814;-0.03863748;0.01661508;-0.08949696;0.06324124;0.00980360;0.02299496;-0.04194302
2;-0.04858220;0.11031446;0.07613784;-0.12776791;-0.02071365;-0.04007163;0.00922918;-0.00190452;0.14216800;0.07752180;0.15893339;0.03738967;-0.24439354;-0.08156455;0.06390316;0.06429972;-0.10221089;-0.10269476;-0.05485791;-0.07298115;0.04810675;0.02907215;0.00778678;0.08925883;-0.16818486;-0.28877068;-0.10469431;-0.15147986;-0.02336287;-0.13253139;0.03374161;0.06366336;-0.14044787;-0.09606385;0.04839966;0.01653963;-0.08861166;-0.07712752;0.18304670;0.06175564;-0.08890808;0.01933641;0.08169898;0.34114385;0.20185298;-0.00445991;0.05990575;0.05385033;0.07964575;-0.29749769;0.03582378;0.14353916;0.12779948;0.12114186;0.12882476;-0.14230396;0.09728727;0.08435599;-0.29617125;0.13836330;0.02032801;-0.14879924;-0.05516766;-0.00990479;0.19954535;0.08181112;-0.14928612;-0.06108937;0.04849180;-0.12467872;-0.00217900;0.07601790;-0.15636103;-0.17862549;-0.23680341;0.11407001;0.27881315;0.16575117;-0.23746906;0.02670279;-0.09916878;0.04596369;0.04068213;-0.00502071;-0.06744721;-0.03595164;-0.09363387;0.02728118;0.13326639;-0.02835318;-0.01444969;0.21247000;0.02148609;-0.01016949;0.05184636;0.04679988;-0.08727708;-0.06005026;-0.11616652;0.05503865;-0.00430460;-0.15547197;-0.01591123;0.04922773;-0.20885624;0.11423982;0.06030821;-0.09901208;-0.10048784;-0.00971050;-0.14805694;-0.04845774;0.14247774;-0.30739051;0.22587796;0.23187403;-0.02111748;0.11485804;-0.01127246;0.01036879;-0.04380203;-0.03919176;0.01301050;-0.06932739;0.06392136;0.02557214;0.01176241;-0.03461692
3;-0.08917758;0.04363628;0.07560876;-0.10448699;-0.06548508;0.05356678;-0.03371939;-0.08789658;0.20605096;-0.07982779;0.13826042;0.03108636;-0.22699940;-0.01277001;-0.03581868;0.11436245;-0.18979129;-0.26079383;-0.03962789;-0.00099986;-0.04816134;0.03606210;0.00867674;0.03296099;-0.09956423;-0.34894964;-0.07303851;-0.08419694;-0.01229123;-0.00002762;-0.00884371;0.15717538;-0.15854666;0.00116279;0.08538393;0.17456450;0.02823076;-0.10767206;0.22539949;0.02798748;-0.17909864;-0.01599958;0.06562693;0.26273704;0.26026496;0.00030035;0.01588285;-0.06064892;0.11643503;-0.32412344;0.08834776;0.22265507;0.12455339;0.11612223;0.07822492;-0.17185023;0.04046486;0.04978045;-0.20440719;0.02360508;-0.03386649;-0.07835225;0.07922573;-0.08667921;0.25464585;0.12846255;-0.10078228;-0.17064041;0.22487135;-0.15675510;-0.14034154;0.02387790;-0.15506874;-0.15500917;-0.22559780;0.00314681;0.33453301;0.19249570;-0.17571658;0.17124163;-0.13743043;-0.12053694;-0.08897590;0.11596356;-0.01410424;0.02873781;-0.05852680;-0.03393913;0.29847914;0.00704780;-0.05562773;0.23670712;-0.02910939;-0.01643817;0.08364662;0.03902862;-0.00841737;0.02198873;-0.19670962;-0.06306754;-0.03822407;-0.05116687;0.00965921;0.11551430;-0.25803345;0.14371908;-0.04990982;-0.02807835;-0.01824766;-0.04339893;-0.05269225;0.00187039;0.21311210;-0.33176053;0.23810989;0.14717045;0.05710237;0.19473363;0.04214012;0.08293755;0.05939484;-0.06710161;-0.11463697;-0.12971936;0.02042045;0.03421276;0.02387419;0.17144910
3;-0.08957112;0.03982938;0.06273612;-0.09421143;-0.06944653;0.05831916;-0.02700610;-0.09311034;0.21402715;-0.06039631;0.12552044;0.02463749;-0.22840717;-0.00532009;-0.04098178;0.10946175;-0.15595444;-0.25958773;-0.05456282;-0.00717024;-0.04285137;0.03254301;0.00074047;0.04957644;-0.11244588;-0.32892787;-0.05992979;-0.09737068;-0.02556357;0.00029218;-0.01523868;0.16251951;-0.15843664;-0.00777883;0.09002519;0.18273698;0.01817719;-0.10021965;0.22971195;0.03001410;-0.17625132;-0.02268105;0.06497707;0.25250861;0.24813966;-0.00544882;0.02071751;-0.06637938;0.11153311;-0.30920497;0.09021358;0.22953531;0.12036473;0.12999220;0.07003990;-0.16444416;0.04540247;0.05756672;-0.20863242;0.03128044;-0.02212431;-0.08777731;0.06041279;-0.08615309;0.26126799;0.13268940;-0.09906148;-0.16319580;0.22550757;-0.16032375;-0.14340986;0.02401279;-0.15328816;-0.15386473;-0.22058567;0.01800621;0.35051724;0.18622413;-0.19375442;0.15749383;-0.14011608;-0.11922535;-0.08001123;0.10864481;-0.00884042;0.01867523;-0.05062289;-0.04913032;0.30523345;0.01328799;-0.04450761;0.23026504;-0.01361700;-0.03116961;0.09158903;0.03967806;-0.00994838;0.01026564;-0.19037217;-0.06451020;-0.04972140;-0.05814703;0.01091944;0.10230244;-0.25139496;0.14195566;-0.04121333;-0.03729848;-0.01682181;-0.03751120;-0.06187749;-0.02120804;0.22161432;-0.32042584;0.23287907;0.12954167;0.06786003;0.18946877;0.03641713;0.10674461;0.05780564;-0.05101029;-0.10368887;-0.12720144;0.03394827;0.03594798;0.01628110;0.16623420
3;-0.08883970;0.04846320;0.09076980;-0.10050498;-0.07667606;0.06245974;-0.02881513;-0.07855684;0.23598951;-0.10321762;0.12887959;0.03250179;-0.24430774;0.01289515;-0.04963772;0.11802258;-0.17337894;-0.26562098;-0.03582056;-0.00305551;-0.01606861;0.03517449;-0.00683771;0.04534237;-0.11178247;-0.33744833;-0.05896559;-0.07185823;-0.00992191;-0.00735911;-0.00069434;0.16417384;-0.15130271;-0.00528468;0.06604359;0.16560970;0.01592115;-0.11605255;0.23929738;0.04450103;-0.19371580;-0.01775747;0.07490494;0.26809645;0.26240632;0.00440757;0.01955886;-0.07013951;0.11640834;-0.34255877;0.07670356;0.23846108;0.12939107;0.13749833;0.08118211;-0.17415361;0.05489769;0.03575880;-0.20533721;0.04179946;-0.00812984;-0.07821566;0.09390149;-0.06111713;0.26866347;0.12219523;-0.09937423;-0.15037210;0.23098522;-0.15785427;-0.14988135;0.03406940;-0.15458731;-0.14280017;-0.20508185;0.00784906;0.36782002;0.19000199;-0.16599217;0.16171658;-0.14940609;-0.11670552;-0.07761252;0.11464098;-0.01856045;-0.01436073;-0.04776262;-0.03543448;0.30790243;0.02078998;-0.05254503;0.24094117;0.00700533;-0.04252348;0.08777372;0.05423278;-0.02716180;0.02459196;-0.19109619;-0.07464775;-0.03552057;-0.05728857;0.02506755;0.11659466;-0.26583257;0.15202194;-0.04894389;-0.03191111;0.00843493;-0.01322530;-0.07504279;-0.00627093;0.20552768;-0.31585824;0.23458114;0.13107353;0.05952398;0.18087485;0.04978258;0.11330422;0.06528659;-0.05877370;-0.08370891;-0.14112391;0.01904775;0.03822657;0.03264453;0.16466141
3;-0.09557284;0.04944235;0.06921846;-0.10516836;-0.06308960;0.06976134;-0.03906886;-0.10464039;0.23225081;-0.09008560;0.12007922;0.02586182;-0.22924605;-0.00442061;-0.04637241;0.11269021;-0.18754293;-0.26807672;-0.02759213;-0.00795267;-0.03539376;0.04319366;0.01102950;0.04778656;-0.10097962;-0.34467238;-0.06135396;-0.10590450;-0.00216003;-0.00908262;-0.01510128;0.13959549;-0.15751342;0.00470268;0.06207701;0.17155273;0.01340516;-0.12284260;0.23917906;0.04050530;-0.18663731;-0.03751786;0.05892100;0.24288708;0.26036802;0.00222290;0.01157400;-0.08290017;0.12952805;-0.32266766;0.08805899;0.24078721;0.10930903;0.13684121;0.06751843;-0.18014768;0.04007977;0.03037765;-0.20455348;0.03353672;-0.01752545;-0.06456840;0.07855479;-0.07677016;0.25854287;0.14176109;-0.08875990;-0.17266855;0.23989281;-0.16287954;-0.15379149;0.03057783;-0.15671857;-0.15762191;-0.19898337;0.01132303;0.34220225;0.19115676;-0.15187620;0.15735357;-0.14508422;-0.12696554;-0.08411341;0.12372471;-0.00782062;0.00358397;-0.03587210;-0.03938410;0.29539508;0.00901968;-0.05207093;0.23456304;-0.02890117;-0.00997521;0.07995691;0.05947962;-0.02346056;0.05517975;-0.18136483;-0.06290868;-0.02193642;-0.04175424;0.03349992;0.11975052;-0.24726465;0.15076771;-0.05036701;-0.03023215;0.00902153;-0.03229503;-0.06088914;-0.01002499;0.22070415;-0.30948046;0.25729194;0.13468258;0.06357984;0.19311504;0.04267301;0.11848458;0.06752926;-0.06019332;-0.12620650;-0.12291990;0.02115036;0.04322075;0.00113862;0.17079093
3;-0.09727686;0.03956974;0.06988864;-0.08288982;-0.05740011;0.06947955;-0.01652822;-0.08854654;0.24249117;-0.10573371;0.11639620;0.03596953;-0.21484290;-0.00711635;-0.03813811;0.10812551;-0.16239877;-0.27039352;-0.03745993;0.00582247;-0.02533556;0.03404000;-0.01204172;0.05431902;-0.12004224;-0.33830431;-0.05154523;-0.08191305;-0.00694908;0.00461358;-0.00510337;0.17737868;-0.15628076;-0.00599646;0.06218283;0.18041900;0.01480259;-0.10798860;0.23111072;0.04818191;-0.19639719;-0.01518465;0.06330375;0.27281475;0.25092217;-0.00190180;0.01148919;-0.08100069;0.13204040;-0.33510360;0.06607181;0.22867477;0.11288361;0.13719183;0.07656136;-0.18947534;0.05552017;0.01585587;-0.20717573;0.04348724;-0.03231550;-0.07882720;0.07786710;-0.07476407;0.25391278;0.12625979;-0.09240589;-0.15050645;0.23679347;-0.15105411;-0.13333134;0.04638710;-0.15288898;-0.16084825;-0.20830707;0.02348064;0.36438426;0.19058529;-0.16649416;0.15413412;-0.13299669;-0.11123729;-0.06848574;0.13049035;-0.00911031;-0.02042122;-0.04154357;-0.03567101;0.29834950;0.02828213;-0.05900670;0.22246157;-0.00323191;-0.03664804;0.07964173;0.06182593;-0.03535128;0.04238533;-0.20143068;-0.07088034;-0.01764285;-0.04842457;0.02697346;0.12075257;-0.25222692;0.16068652;-0.03811270;-0.03703053;0.02240169;-0.01970189;-0.07522704;0.00315745;0.19858441;-0.30833992;0.24771461;0.12427060;0.06638186;0.19573468;0.04836230;0.11515816;0.05632012;-0.04717354;-0.10406569;-0.13388209;0.02656782;0.03815757;0.01313392;0.15202859
3;-0.10161603;0.04415774;0.06546521;-0.08219017;-0.06846088;0.07242972;-0.03345503;-0.09972031;0.20095155;-0.07692051;0.12006666;0.01896148;-0.25156310;-0.00558874;-0.03739172;0.11779262;-0.18146101;-0.25510654;-0.02622973;-0.01499999;-0.02886167;0.05536829;0.01463088;0.05326259;-0.12151475;-0.34667134;-0.06268106;-0.08854267;-0.03487440;0.00071444;-0.01127479;0.15988520;-0.15187413;0.01010536;0.08453093;0.18340151;0.03684026;-0.10224359;0.22519213;0.05309721;-0.18393949;-0.02623443;0.07422629;0.26962200;0.26047221;-0.00207319;0.01754761;-0.06719843;0.09874609;-0.31965283;0.09215310;0.23163503;0.11462698;0.12597743;0.05422716;-0.18422620;0.02976415;0.03490172;-0.20040677;0.03212070;-0.01218942;-0.08006784;0.08197799;-0.06089297;0.25776625;0.12961003;-0.10181589;-0.17065237;0.22313747;-0.16730832;-0.14782625;0.03639384;-0.16675833;-0.16265063;-0.22798438;0.02354507;0.34226593;0.18490937;-0.17520215;0.14337170;-0.13759048;-0.10230435;-0.07430814;0.12879154;-0.00245633;0.01303165;-0.05169837;-0.02683309;0.29817533;0.01346273;-0.07008781;0.24867392;-0.00919606;-0.03728207;0.10403923;0.07262132;-0.01054677;0.01907273;-0.19571064;-0.07314128;-0.03053431;-0.05960153;0.02779787;0.12259230;-0.26239818;0.14846466;-0.05537994;-0.04918841;-0.00979757;-0.03836060;-0.07076526;-0.00367043;0.22363657;-0.32373989;0.22993274;0.14702082;0.06558002;0.20062810;0.03568237;0.11490175;0.05559406;-0.06082822;-0.09412471;-0.12879328;0.02212052;0.04433995;0.02258158;0.16307704
3;-0.06463696;0.05992607;0.05510955;-0.08025875;-0.07053388;0.06777149;-0.00925001;-0.07947456;0.22552560;-0.08260636;0.13879976;0.04784289;-0.22965126;0.00687203;-0.04959181;0.11995763;-0.13615924;-0.27797589;-0.06131516;0.00536260;-0.03674809;0.01380442;-0.02407389;0.05120403;-0.08584715;-0.31387606;-0.05919706;-0.04940036;0.00476258;-0.00296527;-0.00482762;0.17249280;-0.15848544;-0.00530891;0.07160926;0.16358183;0.01144369;-0.11236274;0.23423263;0.04041912;-0.17853267;-0.01108273;0.05898328;0.28220671;0.24936821;-0.01135910;0.03338683;-0.06196321;0.11062896;-0.33145475;0.05811674;0.22736959;0.13476072;0.12881655;0.07210176;-0.18337083;0.05079148;0.05270720;-0.19546074;0.03417381;-0.04531109;-0.06872809;0.06445345;-0.09279005;0.26575628;0.10917976;-0.10769537;-0.15447384;0.22889353;-0.14290737;-0.13184391;0.04464014;-0.15769280;-0.15521610;-0.22317325;0.02880754;0.38439924;0.19039246;-0.17322899;0.16870850;-0.12772410;-0.10567971;-0.08246641;0.09738687;-0.02733373;-0.00949022;-0.07668670;-0.03372217;0.30706984;0.02029943;-0.06609964;0.20873791;-0.01120310;-0.03577546;0.06572474;0.07149456;-0.00854391;0.02371564;-0.19354911;-0.06887997;-0.03017312;-0.05749144;0.00635502;0.11637722;-0.24342467;0.13938957;-0.04070262;-0.01228478;-0.00680596;-0.01496179;-0.08233328;0.00445224;0.19990882;-0.32564330;0.22865678;0.13033006;0.04688961;0.16178465;0.05269030;0.09836998;0.05819251;-0.06505015;-0.10028407;-0.14704931;0.02305427;0.03254041;0.02305026;0.15824287
3;-0.08508377;0.05978030;0.07987461;-0.09193347;-0.08205166;0.07212508;-0.01636499;-0.08412874;0.22440392;-0.07733847;0.11303142;0.03590744;-0.23025103;0.00786452;-0.04758421;0.11311450;-0.16751775;-0.27310646;-0.04006645;0.00765585;-0.02870412;0.03665445;-0.00363180;0.05447786;-0.10912226;-0.33815309;-0.05855806;-0.06840660;0.00834514;-0.00592278;-0.00442834;0.18282075;-0.16450611;0.00272345;0.07745444;0.16438065;0.02937786;-0.11863165;0.23427100;0.05388733;-0.19251285;-0.01321498;0.06635623;0.27123532;0.24920566;-0.00492432;0.02778160;-0.06534885;0.11839684;-0.33421198;0.07699678;0.24101727;0.11657019;0.13087897;0.06781489;-0.18172286;0.05273747;0.02743189;-0.20554735;0.05698892;-0.01801079;-0.08462630;0.07704090;-0.07278953;0.25060567;0.12488966;-0.08623164;-0.17217731;0.23361945;-0.15410897;-0.14001091;0.04564222;-0.15753180;-0.14309859;-0.20176192;0.02297939;0.35837129;0.19942144;-0.17564768;0.15720309;-0.14116961;-0.10584565;-0.08160470;0.12035881;-0.02056555;-0.00613014;-0.05664432;-0.02787014;0.31570187;0.02232248;-0.06161393;0.24483097;0.00148485;-0.04005807;0.07853008;0.05407153;-0.01832204;0.02420360;-0.19321801;-0.07556748;-0.01885436;-0.04945213;0.01762363;0.12846537;-0.25848401;0.14324424;-0.05467772;-0.03545265;0.00166153;-0.02514662;-0.07640630;-0.00137948;0.20531604;-0.31068739;0.25087780;0.13405417;0.06097797;0.16888657;0.04665863;0.10642987;0.07451400;-0.06590107;-0.07492660;-0.14516217;0.03786645;0.02896258;0.01183994;0.15259223
3;-0.10210118;0.04137459;0.08670415;-0.08588005;-0.10135974;0.06199512;-0.02617864;-0.06900977;0.22708403;-0.10484545;0.15011218;0.04288781;-0.22551863;0.03321181;-0.07491669;0.13196015;-0.15512508;-0.26348597;-0.05485860;-0.01400159;-0.03152714;0.05028754;-0.01697779;0.05222239;-0.09021305;-0.31978893;-0.05859490;-0.06387571;0.00951850;-0.02032453;-0.02049749;0.17939447;-0.16167444;-0.01544236;0.08617051;0.19335701;0.00998284;-0.09206069;0.22572292;0.05769639;-0.18042450;-0.00528262;0.07679489;0.28738385;0.24790707;0.00624729;0.01669949;-0.08086986;0.10274198;-0.33143741;0.06964350;0.23677640;0.14752178;0.14046055;0.07563394;-0.18697047;0.06122968;0.03413040;-0.18527591;0.05424076;-0.00434500;-0.08503740;0.07258715;-0.06964482;0.26621944;0.10813066;-0.10071175;-0.15277587;0.23986439;-0.14727238;-0.13360052;0.06189859;-0.15098672;-0.14209723;-0.19339754;0.00551299;0.39035153;0.17819183;-0.17655350;0.15386480;-0.14072599;-0.11179886;-0.08359420;0.11150556;-0.02213652;-0.01048049;-0.06526362;-0.02586428;0.29822078;0.02160318;-0.03755603;0.22513179;0.01173157;-0.04013449;0.09499028;0.07600171;-0.02591308;0.00394618;-0.19047630;-0.08492049;-0.04969065;-0.07770029;0.00207408;0.09762504;-0.25077179;0.15004148;-0.05488551;-0.02622426;-0.00830274;-0.01796258;-0.06533294;0.00313131;0.21361750;-0.31929627;0.23636109;0.13860951;0.03752767;0.17663290;0.04813804;0.12154876;0.04713522;-0.07312103;-0.08448484;-0.15087852;0.00191475;0.01107608;0.01853039;0.15335572
3;-0.08600761;0.05144503;0.08617604;-0.10505677;-0.08749294;0.07363166;-0.01067409;-0.07817511;0.25008652;-0.09097064;0.12158185;0.03286294;-0.23149295;0.02202207;-0.03787136;0.11098586;-0.18453896;-0.26403654;-0.03589083;-0.00700538;-0.03504689;0.04713785;-0.00541903;0.05261949;-0.10712157;-0.33036211;-0.05850077;-0.06379320;0.01723477;-0.01786939;-0.00086173;0.18047364;-0.15879427;-0.00887744;0.06476152;0.17411515;0.00367416;-0.12885369;0.22375429;0.04301864;-0.17731914;-0.02229992;0.05836981;0.26433921;0.26270664;-0.00354173;0.01386015;-0.07959549;0.11202034;-0.34496346;0.06061768;0.23720722;0.10491266;0.14570856;0.07102532;-0.18154584;0.05179127;0.03590502;-0.19226727;0.05212647;-0.02580984;-0.08851641;0.09747672;-0.06555630;0.25594991;0.11435175;-0.08390810;-0.16033722;0.22413088;-0.15345576;-0.15884712;0.04195865;-0.14929883;-0.14935593;-0.20204313;0.02018865;0.35142022;0.18573129;-0.16650040;0.16087952;-0.12919822;-0.11306866;-0.07686344;0.13019863;-0.02318094;-0.02423857;-0.05620245;-0.02418198;0.31001377;0.01022498;-0.05327937;0.24409668;-0.00169222;-0.02794381;0.08443265;0.06458104;-0.01830569;0.04609805;-0.19187425;-0.07196256;0.00040569;-0.04870165;0.01954733;0.12936431;-0.25151369;0.15376283;-0.05049492;-0.03798834;0.01293667;-0.04100227;-0.06689246;0.00246798;0.21881893;-0.31727445;0.25067279;0.14663792;0.04894136;0.18654183;0.03958173;0.11177117;0.07176396;-0.05672129;-0.07812537;-0.12693138;0.02790504;0.03668395;0.00172820;0.15776950
3;-0.08885173;0.06716894;0.08676670;-0.07314441;-0.09673970;0.06416455;0.00359381;-0.05398362;0.23856653;-0.07302015;0.15155768;0.03754559;-0.23711322;0.01928815;-0.04615577;0.13557398;-0.15597570;-0.25497600;-0.04137579;-0.00496365;-0.05971844;0.02332220;-0.01904459;0.04665264;-0.12267333;-0.31545663;-0.04841762;-0.04572405;-0.01542506;-0.00860732;-0.01796464;0.18637922;-0.17401196;-0.03040610;0.10328977;0.18850525;0.00197111;-0.10216640;0.21919751;0.04230377;-0.17312889;-0.03686866;0.07648265;0.27134004;0.23315245;-0.01237756;0.02356526;-0.06843753;0.10473870;-0.34156823;0.06717325;0.22413406;0.11555431;0.14334393;0.06560055;-0.18667845;0.05510807;0.05328759;-0.18931283;0.03841408;-0.01465165;-0.08205274;0.05977998;-0.07678545;0.25846949;0.11919196;-0.09623807;-0.16967092;0.23323196;-0.14440165;-0.12305544;0.06665786;-0.13215761;-0.16170642;-0.22049992;0.01637204;0.37009138;0.19546415;-0.17262329;0.14091079;-0.13439682;-0.10052609;-0.08266773;0.10678463;-0.01601033;0.01097994;-0.06563084;-0.02643157;0.31250921;0.02957550;-0.06382257;0.22421281;-0.00003890;-0.03449189;0.08728840;0.05966153;-0.00615136;0.00661361;-0.19850299;-0.07538509;-0.02782460;-0.07480945;-0.00177360;0.11605720;-0.26169887;0.14377001;-0.04794747;-0.02099181;-0.01513113;-0.02733989;-0.07312421;0.01582580;0.21361423;-0.33991411;0.24499746;0.13025108;0.02760857;0.17336343;0.04310127;0.09476982;0.05891585;-0.08329002;-0.06748107;-0.14977303;0.00771296;0.00127966;0.03435366;0.14567678
3;-0.09257720;0.05079778;0.08513879;-0.07094371;-0.09076300;0.06524157;0.00788801;-0.07320701;0.22691734;-0.08366842;0.16129997;0.05977166;-0.24668372;0.03722030;-0.08102761;0.14558715;-0.11524069;-0.25639668;-0.04788128;-0.00851682;-0.06073429;0.01234084;-0.02227357;0.04866407;-0.08806980;-0.28951854;-0.04434841;-0.01460091;-0.03059525;-0.01678129;0.02192158;0.15895416;-0.17552778;0.00764148;0.06615054;0.20048058;-0.02350670;-0.09833651;0.23954919;0.09335569;-0.20053226;-0.01081898;0.04392478;0.31295693;0.19915825;0.00572208;0.01428564;-0.07701384;0.13570878;-0.34444523;0.05602717;0.23176923;0.11672111;0.11743023;0.04881771;-0.16259511;0.07985010;0.05782911;-0.20659643;0.03844276;-0.01440685;-0.09101837;0.06155317;-0.10268122;0.25860354;0.12964851;-0.10151523;-0.14456023;0.22621670;-0.13648684;-0.14427723;0.08017159;-0.13347454;-0.17101371;-0.23409298;0.02560817;0.39525667;0.19348153;-0.15237604;0.13212533;-0.11914853;-0.07817698;-0.05770762;0.12449370;-0.01165259;0.01875847;-0.08118770;-0.04977490;0.30815998;0.01745969;-0.08653804;0.21353856;0.00733497;-0.02274583;0.05841419;0.07356238;-0.02221042;0.01464495;-0.19762954;-0.10433552;-0.02689247;-0.04886899;0.02195711;0.08363938;-0.25737533;0.17027625;-0.03486596;-0.01018387;0.00107202;-0.00666752;-0.07378473;0.01834470;0.19220766;-0.33824214;0.26328221;0.13427676;0.02661427;0.14959052;0.07226507;0.09245110;0.02764906;-0.07733271;-0.06579036;-0.16529772;0.00307158;0.02055761;0.06423628;0.14025663
5;-0.08547426;0.12279948;0.08923632;-0.06428766;-0.02667837;-0.02481267;-0.06973781;-0.00027297;0.16663121;-0.09141212;0.22582805;-0.03206831;-0.25037777;-0.07486907;0.03673691;0.11638100;-0.09319777;-0.09810361;-0.11365087;-0.07396904;0.02031845;0.12094869;-0.02484908;0.03129786;-0.10986618;-0.36451754;-0.10832258;-0.07189252;-0.02861429;-0.09292329;0.02742278;0.15846312;-0.15378854;-0.10542251;0.08375621;0.16755725;-0.02913408;-0.03470693;0.18873741;0.01966825;-0.12186406;-0.00746301;0.10997380;0.27853438;0.15839539;0.07167850;0.02175339;0.00258655;0.16613558;-0.22338246;0.11481370;0.13141297;0.20041752;0.15497142;0.18520066;-0.16592354;0.09400332;0.10187657;-0.21661392;0.03787274;0.01692349;-0.10682814;-0.02988787;-0.00313693;0.17160578;0.07049739;-0.06024446;-0.17547737;0.19175331;-0.13916312;-0.08843385;0.16413052;-0.10881739;-0.13398533;-0.26246005;0.07665490;0.33025843;0.16340877;-0.19913654;0.06978301;0.03809171;-0.11031743;0.01378962;0.05045035;-0.07124458;0.00895072;-0.07103012;0.01977274;0.22972538;0.06682128;-0.07775420;0.22708537;0.02451721;0.04464051;0.08944779;-0.02387422;-0.03303906;-0.04767024;-0.15460663;-0.02242228;0.08253208;-0.10228264;-0.10962696;0.04865447;-0.19982713;0.19444554;-0.02644333;0.00055535;-0.08004512;0.02244665;-0.14405860;0.06821465;0.20094419;-0.29833728;0.19104575;0.10812229;-0.01139852;0.14051300;0.07568555;0.06598074;0.05084260;-0.10821243;-0.16636202;-0.20859900;0.10069261;-0.00747923;0.07099129;0.05622872
5;-0.09083752;0.12640539;0.09911345;-0.06254711;-0.02190495;-0.01584134;-0.07186674;-0.01458306;0.17168790;-0.09921314;0.24116054;-0.02052485;-0.25143003;-0.07103791;0.01498754;0.10431107;-0.08646240;-0.13667437;-0.08720591;-0.05303161;0.04752667;0.09509399;-0.00304439;0.01379274;-0.07846342;-0.39460364;-0.12412962;-0.07300305;-0.02178024;-0.11857112;0.03992138;0.11736744;-0.15489033;-0.09138423;0.05319140;0.16644944;-0.05601031;-0.06415137;0.20719214;0.02241058;-0.12065921;-0.01511221;0.09728777;0.27282470;0.14650440;0.06793591;0.01580212;-0.01265313;0.14558361;-0.23475827;0.11938711;0.15483917;0.20071687;0.18240398;0.17071292;-0.14731544;0.10084678;0.09755330;-0.22968033;0.04609679;-0.00908423;-0.09050483;-0.03152246;-0.00711113;0.18706357;0.09777070;-0.07091506;-0.16944429;0.17108101;-0.12760685;-0.11282079;0.15013106;-0.11310355;-0.15568618;-0.21956590;0.07998572;0.33028653;0.14363454;-0.20008792;0.07860550;0.01904115;-0.13262470;-0.01811729;0.06024462;-0.06869650;0.02559265;-0.08272069;0.01123026;0.21275859;0.04818321;-0.08876263;0.23035011;0.00275899;0.07428233;0.10473236;0.01764721;-0.03598146;-0.02238923;-0.16693582;-0.05634737;0.09023939;-0.09907773;-0.12847528;0.01879306;-0.18827574;0.20386843;-0.01586663;0.00097436;-0.06536458;-0.00421002;-0.13858736;0.06486255;0.19542752;-0.30747491;0.22372139;0.12169021;-0.00533458;0.16185021;0.09538576;0.06185730;0.06174401;-0.12198837;-0.16672401;-0.19399495;0.08546993;0.02981717;0.04605616;0.05696109
5;-0.08757121;0.13476421;0.10491409;-0.05211334;-0.02319582;-0.03060725;-0.05486237;-0.02567971;0.12437942;-0.08879998;0.22492889;-0.04636069;-0.28203672;-0.07489979;0.03827452;0.11643847;-0.07917403;-0.10761540;-0.09402048;-0.04797221;0.02103403;0.10307629;0.00047460;0.01956972;-0.07496253;-0.38970682;-0.12588064;-0.07299136;-0.06463982;-0.10028614;0.01062609;0.14528701;-0.14114793;-0.10015523;0.06413040;0.14228854;-0.06040448;-0.06036644;0.18712737;0.02817925;-0.10686099;-0.01749805;0.10238406;0.28221884;0.16568865;0.07330721;0.02304381;0.00348102;0.14492632;-0.23548637;0.10341303;0.13171041;0.18357545;0.17095785;0.16947058;-0.16376850;0.09922574;0.08223475;-0.22971989;0.05914828;-0.00412223;-0.12273504;-0.02464308;-0.01274525;0.18758571;0.09246657;-0.06546094;-0.16310291;0.17275079;-0.13699846;-0.10537288;0.12824865;-0.13066708;-0.16565004;-0.23493612;0.07891677;0.27969211;0.17134015;-0.20057887;0.06493572;0.03716049;-0.11232310;0.00992836;0.07635305;-0.04524539;0.00891507;-0.07828587;0.00818958;0.21536608;0.02901920;-0.10307057;0.25049350;-0.01507450;0.05979343;0.09972475;-0.01182753;-0.03640680;-0.02286875;-0.16420208;-0.03187623;0.09171472;-0.12638237;-0.11904275;0.03432993;-0.18077172;0.18415086;-0.03841968;0.02035344;-0.08349943;-0.03151716;-0.15269336;0.08292591;0.19307743;-0.29411623;0.23405969;0.13082460;-0.02016021;0.14569287;0.08348331;0.04995672;0.06488491;-0.11442763;-0.16776946;-0.19662893;0.12076636;0.02794001;0.05877201;0.05424819
5;-0.07001082;0.14592215;0.10958745;-0.05413052;-0.01950032;0.01545267;-0.07278865;0.01918793;0.15779932;-0.08685104;0.23533630;-0.00559115;-0.28242889;-0.07862825;0.03169518;0.13249275;-0.09014357;-0.07694809;-0.10392799;-0.03649328;0.09123597;0.11946420;-0.02888740;0.02511976;-0.11822843;-0.37287062;-0.11729119;-0.06889606;-0.04559657;-0.14235999;0.02397928;0.13431473;-0.12911727;-0.08808251;0.04616550;0.12523557;-0.06176521;-0.07919635;0.16634852;0.02287651;-0.12763737;-0.00201386;0.08091934;0.27832100;0.17438878;0.03869319;0.03354643;0.00958165;0.12687856;-0.26862514;0.08930805;0.14902765;0.16643436;0.20275177;0.16050747;-0.17247814;0.10372512;0.08191425;-0.23559144;0.01201976;0.01035104;-0.10077895;-0.02182381;0.01335503;0.15727527;0.07951376;-0.08945069;-0.16296817;0.16169399;-0.12129822;-0.06589513;0.12824011;-0.15688838;-0.17349388;-0.24849477;0.11376491;0.33346584;0.18396097;-0.20539735;0.07315755;-0.00131382;-0.06529454;0.01117746;0.03296275;-0.04511518;-0.00553316;-0.05742402;0.05150489;0.18223417;0.03224889;-0.08513648;0.24204095;0.03929444;0.02311585;0.11410624;0.00393553;-0.00965527;-0.03696105;-0.15625107;0.01361404;0.06296737;-0.12726846;-0.10115501;0.04992729;-0.17280312;0.22149886;0.01167637;-0.00146681;-0.06472472;0.01753458;-0.20600949;0.06051959;0.19504507;-0.29937345;0.21658455;0.13155843;0.00512861;0.14895436;0.09214973;0.10018247;0.03560330;-0.11017925;-0.14225836;-0.18408050;0.12389528;0.03113747;0.04035110;0.02627639
5;-0.21171920;0.07862696;0.06978323;-0.05484992;-0.05250536;-0.05634321;0.00103255;-0.06891888;0.12334152;-0.03943586;0.22351404;-0.05479618;-0.26775551;-0.04118447;0.02319290;0.13743156;-0.08605323;-0.09975675;-0.11139087;-0.05520944;0.07907028;0.04571465;-0.01335791;0.10717314;-0.07064612;-0.36072689;-0.04315247;-0.03222806;0.01455497;-0.12647341;-0.04400388;0.07941101;-0.15218818;-0.08601812;0.01673381;0.14087597;-0.06150100;-0.12774833;0.20157675;0.02957586;-0.15725352;0.01225669;0.15008806;0.27568096;0.18933520;0.00840415;0.07200731;-0.06515062;0.14598267;-0.25155684;0.12155684;0.07085645;0.20509028;0.09271225;0.17309195;-0.22718298;-0.01264716;0.15076184;-0.17327118;0.09274896;0.04676156;-0.02006458;-0.04675459;-0.10871640;0.16381860;0.12383810;-0.10058744;-0.11587853;0.10590279;-0.09518393;-0.07735384;0.12432380;-0.10885769;-0.18202418;-0.23465590;0.09358685;0.30424872;0.13945560;-0.18539962;0.02208083;-0.00895782;-0.06675891;0.04662867;0.05175063;-0.05694927;-0.03709910;-0.07268523;0.01928358;0.18310510;0.09190885;-0.04061456;0.20913918;0.04467540;-0.02523273;0.02002741;0.04403812;-0.11230193;0.00723979;-0.12553488;-0.06841084;0.03374514;-0.09819774;-0.01912157;0.02877435;-0.24764904;0.14672242;0.00399943;0.02902212;-0.00494508;-0.02298146;-0.10975581;0.08905040;0.08908080;-0.31108254;0.16323882;0.13850909;0.03775357;0.14182203;0.05286837;0.03154229;0.08152427;-0.02248261;-0.14119193;-0.06506298;0.11826720;0.00535328;0.05626747;0.06741350
5;-0.22972289;0.09633312;0.07906835;-0.05702474;-0.05709683;-0.04222903;-0.03499761;-0.04075222;0.15191862;-0.06219109;0.24603520;-0.08615395;-0.25934830;-0.09493394;0.02507217;0.13508548;-0.13195521;-0.10536069;-0.02936409;-0.06236064;0.13223042;0.04367593;0.00281077;0.12574986;-0.10679393;-0.35421103;-0.05781577;-0.08564603;-0.03570940;-0.16344206;0.00013223;0.06957186;-0.15906116;-0.07396156;-0.00913856;0.18174888;0.02089700;-0.09717983;0.17520869;-0.02042332;-0.13978055;-0.04855653;0.08123077;0.26837939;0.10408015;0.00603232;0.02119191;-0.01292556;0.11996573;-0.22275175;0.09273206;0.12168805;0.23872577;0.04705428;0.13632032;-0.16634391;0.01903460;0.14733016;-0.18937811;0.03072781;0.02257538;-0.01530941;-0.00157258;-0.06940228;0.17499156;0.12533928;-0.10030624;-0.09392194;0.07394695;-0.06379615;-0.08303350;0.11335057;-0.13249367;-0.20352489;-0.22878899;0.07101760;0.31450981;0.10787269;-0.23416823;0.01298857;-0.03288683;-0.06373214;0.02213860;0.06298919;-0.05958422;0.02594730;-0.10831503;0.06408361;0.13314848;0.03754611;-0.02946434;0.20284522;0.03723694;0.00407257;0.02280328;0.00930424;-0.05726193;0.03739881;-0.08669255;-0.02188721;0.05597232;-0.06537573;-0.05844013;0.01909810;-0.24128459;0.10657709;0.02339371;-0.02990967;-0.05428293;-0.00478327;-0.12591350;0.04731866;0.12023038;-0.30461773;0.12841369;0.15355030;-0.02640024;0.19107538;0.03188568;0.06498010;0.07069749;-0.06968021;-0.11397428;-0.07511351;0.13612583;0.00572632;0.05146483;0.02670797
6;-0.12058264;0.10538536;0.01771658;-0.03476607;-0.11560900;-0.01139386;0.03564708;-0.13407739;0.12711687;0.01856408;0.30878118;-0.07045285;-0.26319677;-0.06276298;0.01283128;0.10982465;-0.10090417;-0.10779832;-0.17717552;-0.13870573;-0.03575322;-0.01771517;-0.00099832;-0.00023635;-0.14632745;-0.32048613;-0.06329922;-0.03251429;0.14980380;-0.08380617;0.06335478;0.07719519;-0.22198042;-0.11945734;0.03842355;0.07432064;-0.05960606;-0.07790770;0.16195199;-0.01987259;-0.13518101;0.03261356;0.14191978;0.31139702;0.16869117;0.03590348;0.06382151;-0.10715353;0.05449474;-0.21437567;0.08677352;0.11331990;0.17228264;0.06764589;0.10768423;-0.22023603;0.03470279;0.17322862;-0.22633900;0.14403486;0.12078976;0.02706386;-0.08191942;-0.11170232;0.17819265;0.09988917;-0.10683136;-0.13012181;0.15991175;-0.12607095;-0.00308984;0.09653010;-0.08581573;-0.22612123;-0.30253464;0.07752364;0.37938207;0.15199338;-0.23635104;-0.03067360;-0.01125309;-0.00729507;0.07323502;0.00143627;-0.11737534;-0.08796865;-0.12641376;-0.00847290;0.19659191;0.03078639;-0.00657665;0.24843901;0.03768878;-0.11223309;0.02076667;0.10776605;-0.17248172;0.00164236;-0.12698069;-0.06122866;0.06332655;-0.17980705;0.01722333;0.06807297;-0.22424278;0.21882239;0.02115299;0.02953168;0.01377410;-0.02242051;-0.02416071;0.00928658;0.20478946;-0.29953712;0.20287633;0.21132794;0.02639705;0.14615847;0.07980128;0.09584833;0.01695230;0.02861974;-0.11343474;-0.09708318;-0.06989610;-0.13654104;0.00129968;0.08948611
6;-0.13517326;0.09423789;0.05374105;-0.01340225;-0.10845053;-0.03970828;-0.00333015;-0.14821143;0.09824110;0.00227530;0.26280791;-0.09656718;-0.30039936;-0.05348051;0.01543586;0.11919142;-0.09146760;-0.14094308;-0.15426825;-0.14927655;-0.03708801;0.01764571;-0.03261115;0.01694246;-0.12426142;-0.32674566;-0.05621248;-0.02266366;0.10227516;-0.05805994;0.01235685;0.08585689;-0.20437814;-0.13611816;0.05866583;0.10277855;-0.05116345;-0.07291780;0.14632806;0.00848389;-0.11017948;0.02312664;0.13265066;0.33984825;0.13082165;0.04566397;0.06793042;-0.10588951;0.07587165;-0.21167827;0.07826344;0.14743716;0.22131580;0.05653920;0.09981135;-0.20913255;0.05621197;0.16234116;-0.23705894;0.17028128;0.13254650;-0.02239781;-0.08050764;-0.10408824;0.17671910;0.08698777;-0.08158240;-0.11757945;0.14708991;-0.11678455;-0.05753476;0.04923491;-0.09590645;-0.20723760;-0.32264397;0.03974053;0.36522913;0.12907162;-0.27530256;-0.00082267;0.00414139;-0.00992215;0.08974916;0.02232297;-0.11808047;-0.06566950;-0.14582491;-0.01386551;0.20536217;0.02509635;-0.00669983;0.21661562;0.06484257;-0.09678541;0.06098412;0.08203243;-0.16816236;-0.03564863;-0.13907370;-0.08715480;0.05379554;-0.16594799;0.00286991;0.04399849;-0.23126398;0.22219872;0.03482198;0.01219242;-0.00076171;-0.03588803;-0.03361887;-0.00138750;0.20053197;-0.26994616;0.16539012;0.21313447;0.03265635;0.15709008;0.05280370;0.07850017;-0.00130212;0.02993706;-0.10409008;-0.13531515;-0.04031396;-0.10207433;0.01376866;0.09874373
6;-0.13246179;0.06705826;0.06098158;-0.00520404;-0.11196219;-0.04771601;-0.04058114;-0.13706797;0.08223992;-0.00157224;0.24042869;-0.04448302;-0.26904982;-0.04172495;0.01708548;0.13790357;-0.10437042;-0.12218249;-0.13947512;-0.16171436;-0.02954345;0.02549748;0.00040118;-0.00761758;-0.11333954;-0.32009080;-0.10200243;-0.05680817;0.13544777;-0.04276973;0.08420889;0.02721927;-0.21786797;-0.08823825;0.02588437;0.07073718;-0.05652938;-0.08757383;0.20699468;0.00874967;-0.14096253;0.05183663;0.12367451;0.28710318;0.15844236;0.04139404;0.08823098;-0.10583554;0.04202066;-0.18086907;0.06112264;0.15068966;0.19821741;0.05607588;0.08655720;-0.18601775;0.06338401;0.15311012;-0.25268877;0.15178685;0.13247409;-0.00797463;-0.06888769;-0.08266146;0.20138252;0.07561772;-0.09353011;-0.12037472;0.20691086;-0.13991345;-0.04887450;0.07882927;-0.09398854;-0.20082761;-0.32476538;0.03405709;0.38882378;0.12970486;-0.25202021;0.01260697;-0.01772447;-0.02645895;0.06798147;0.03866621;-0.09958895;-0.08679619;-0.11394890;-0.01218266;0.20244482;0.03080975;0.00896354;0.21653451;0.08100563;-0.07268526;0.03853437;0.10045107;-0.14899111;-0.05589885;-0.11773595;-0.07496849;0.03286319;-0.14389457;0.03109712;0.05742086;-0.19814081;0.24539870;0.02866801;-0.01605930;-0.02554755;0.01493332;-0.03260555;0.01651745;0.22207448;-0.25621608;0.20215988;0.21429454;-0.00920693;0.14042935;0.07360426;0.13353518;-0.05402255;0.00653204;-0.15566424;-0.13061979;-0.07986473;-0.11876302;0.04930118;0.12642583
6;-0.12172411;0.10152193;0.04554181;-0.06455277;-0.14034283;-0.00423428;0.00472571;-0.15328193;0.13412882;0.00169308;0.27238926;-0.08039574;-0.24755476;-0.04486234;0.02356096;0.10144424;-0.09165184;-0.12300804;-0.14769554;-0.14166915;-0.04694185;0.00017389;-0.01765912;0.01670752;-0.13044333;-0.31383109;-0.08705088;-0.05113709;0.14657672;-0.06724286;0.02813404;0.04890855;-0.23025599;-0.12127119;0.03537815;0.11121332;-0.07563756;-0.09615287;0.15016830;-0.01854118;-0.11167130;0.01283892;0.11334378;0.29503405;0.14499329;0.03637572;0.09420712;-0.08838765;0.06246624;-0.18007447;0.09605645;0.12374378;0.17441894;0.07433219;0.08587755;-0.23909096;0.05207036;0.17170069;-0.22361217;0.15930177;0.13270274;-0.00061717;-0.06893840;-0.07857347;0.20829368;0.10829187;-0.08606082;-0.14396723;0.16669604;-0.12392149;-0.00428133;0.06991655;-0.10819862;-0.19285357;-0.28198183;0.06520972;0.40067670;0.11544934;-0.23502636;-0.02443751;-0.03197777;-0.02152213;0.05906886;0.01339530;-0.10798562;-0.05506949;-0.13784136;0.00498512;0.21800569;0.00833302;0.02754947;0.23281160;0.04395779;-0.10498758;0.03262259;0.09642749;-0.16329232;0.00224414;-0.08515550;-0.04199672;0.05101987;-0.19637091;0.00594820;0.06127796;-0.25012019;0.23493864;0.02425750;0.01354276;-0.02736524;-0.04713012;-0.02769686;-0.00007238;0.23913378;-0.28851283;0.18660578;0.21603470;0.02369713;0.17304264;0.04732054;0.11035054;0.01653366;0.01781934;-0.11807985;-0.09858372;-0.08090357;-0.11870710;-0.00679180;0.12264419
6;-0.10051428;0.10817739;0.03288993;-0.03588081;-0.10004911;-0.00185014;0.00699694;-0.15640183;0.09871804;0.05472675;0.30154648;-0.06714776;-0.26862651;-0.04139601;0.01122590;0.10663874;-0.10132027;-0.10738035;-0.15657726;-0.10665429;-0.06191939;-0.02037232;-0.00402610;0.01689494;-0.11734509;-0.32000038;-0.07003523;-0.02555979;0.14311045;-0.06304029;0.04667826;0.07670555;-0.23040783;-0.12658176;0.04560757;0.09521973;-0.07583501;-0.08278170;0.21733291;0.01888946;-0.11463313;0.05521624;0.11865146;0.31326428;0.13916574;0.06083921;0.09131540;-0.11122449;0.05333366;-0.21920218;0.10364439;0.14624065;0.19289295;0.08674520;0.06916118;-0.27008736;0.05501628;0.14497001;-0.23251715;0.13815697;0.10840262;0.03654924;-0.05189542;-0.10507520;0.20666859;0.10936921;-0.09297311;-0.11831459;0.13988361;-0.10053399;-0.02301266;0.07726885;-0.10342954;-0.22080332;-0.32694098;0.08109838;0.33785883;0.13874696;-0.26768422;-0.02264524;-0.01535136;-0.01192610;0.08245185;0.00390061;-0.11631757;-0.05707824;-0.10852714;-0.03019528;0.19956622;0.02734533;-0.01753304;0.23556456;0.05331387;-0.06642377;0.04080020;0.10487664;-0.13111269;-0.00340849;-0.13724899;-0.03016111;0.04872953;-0.14277981;0.02664546;0.06035379;-0.25768200;0.22167273;0.03210884;0.00363302;-0.00931050;-0.03487445;-0.05045610;0.01294702;0.23564248;-0.33018467;0.23056839;0.23050316;0.00483471;0.14669482;0.09902145;0.08908309;0.00308642;0.03292935;-0.11943377;-0.10137247;-0.03806197;-0.11571755;0.00664189;0.11096543
6;-0.12113310;0.11882674;0.04944009;-0.02803596;-0.12057026;-0.03128887;-0.00411791;-0.15352662;0.09251758;0.05574946;0.28103837;-0.05794900;-0.21711543;-0.08144497;-0.00442956;0.11842976;-0.08087847;-0.13604732;-0.14503326;-0.09253046;-0.03595613;0.00039921;-0.01605648;0.00427201;-0.11666285;-0.33499748;-0.08142632;-0.01981932;0.11502817;-0.06469081;0.05026820;0.07956684;-0.22568831;-0.11195546;0.05756087;0.09984510;-0.05776804;-0.03702635;0.13382541;0.01629018;-0.14073597;0.06166445;0.13013035;0.31277052;0.17431305;0.08239696;0.06788875;-0.08831934;0.03121173;-0.19538911;0.10194694;0.13266791;0.18603605;0.05147947;0.08148880;-0.23040843;0.03404720;0.15321393;-0.24325462;0.14357194;0.11347769;-0.00134474;-0.07875375;-0.08474180;0.18678734;0.12569158;-0.09599458;-0.12061206;0.15672281;-0.11690896;-0.00136008;0.06224530;-0.09042802;-0.19886529;-0.29611978;0.06715706;0.37496701;0.10338790;-0.25555348;-0.03190396;-0.01429444;0.01916626;0.04936663;-0.02532860;-0.13271464;-0.08127885;-0.14607543;-0.03834920;0.18642230;0.03740513;0.02170450;0.23672986;0.02130163;-0.09517815;0.03373447;0.09936152;-0.14176455;0.00498677;-0.10588916;-0.07261973;0.03404479;-0.18316011;0.01818166;0.06370616;-0.23576425;0.20746352;0.02594041;0.04359101;-0.00137332;-0.01487015;-0.02913007;-0.01244636;0.20956108;-0.27494600;0.22903037;0.20864733;-0.00121040;0.14245926;0.08270502;0.10687696;-0.01060979;0.00599699;-0.09696604;-0.08915542;-0.06311062;-0.14059153;0.00352096;0.11111302
7;-0.08816071;0.02673607;0.04652150;-0.02970567;-0.10827260;-0.04354715;-0.02194262;-0.18798590;0.09063769;-0.10882170;0.14127553;0.01356182;-0.21330838;0.02245086;-0.00880097;0.13839066;-0.11485354;-0.22591373;-0.08573104;-0.06160346;0.00945290;0.04413257;-0.08315203;0.12729372;-0.11915216;-0.24785092;-0.09007263;-0.07978495;-0.05391987;-0.00324137;-0.04107105;0.03851930;-0.18087025;-0.03684158;0.04792162;0.02964871;-0.05717639;-0.07128993;0.19407871;0.12248760;-0.18001485;-0.01793530;0.04860036;0.30135497;0.18570729;-0.00166310;0.01493329;-0.04763317;0.10255437;-0.28608084;0.02810557;0.17911361;0.12711486;0.09688492;0.04309108;-0.09958261;0.07865291;0.08476624;-0.26081392;0.13804050;0.08949360;-0.14062613;0.03211892;-0.06475724;0.21049234;0.10421983;-0.07719639;-0.10500094;0.10387909;-0.22642097;-0.16723059;0.00317510;-0.13812178;-0.22784942;-0.34980339;0.00600675;0.35428134;0.24578014;-0.18849491;0.02716338;-0.01952930;-0.01796568;0.16719106;0.06887117;0.00718027;-0.01965363;-0.06664883;0.01547638;0.26643357;0.01880768;-0.05557111;0.27160418;-0.00557789;-0.03469805;0.06205500;0.06179459;-0.02525608;-0.04580257;-0.12222268;0.01678828;-0.08077788;0.00240622;0.07173155;0.09396695;-0.14058991;0.10016012;-0.04484769;-0.02207091;-0.10273776;-0.01768948;-0.19568641;-0.07666931;0.13036327;-0.19725309;0.16387422;0.18786129;0.02084337;0.05777348;0.01142795;-0.01413350;-0.05107509;-0.05553320;-0.12641011;-0.06967077;0.10611158;-0.02200913;0.08639342;0.04098948
7;-0.08459736;0.03402669;0.03255149;-0.02698031;-0.08573443;-0.05853965;-0.00153605;-0.18357024;0.09904217;-0.10622168;0.12408020;0.00384679;-0.21776256;0.01957385;0.01833480;0.12333767;-0.12787728;-0.21788712;-0.07902681;-0.06190073;0.03990187;0.02307674;-0.05857468;0.12609442;-0.15818611;-0.23685816;-0.08858462;-0.08368172;-0.02927022;0.01437538;-0.03373385;0.01469388;-0.17771102;-0.03819668;0.03761903;-0.00521578;-0.06634939;-0.08162399;0.22310933;0.10036901;-0.18751101;-0.02847610;0.03770632;0.29957250;0.19857603;0.00822959;0.02086194;-0.05320947;0.10506511;-0.27645022;0.04781574;0.16484220;0.12750199;0.09609196;0.04083956;-0.11053413;0.07463063;0.09056508;-0.26549077;0.13981237;0.08555012;-0.13485232;0.04758184;-0.05083850;0.21568097;0.09902961;-0.07595536;-0.09375168;0.12628694;-0.22750138;-0.15372510;-0.02138087;-0.12927450;-0.23327708;-0.34697276;0.00149101;0.31707180;0.24827306;-0.18945953;0.03231488;-0.00774647;-0.00248802;0.18672712;0.08651663;-0.01280119;-0.02840185;-0.05778617;0.01438349;0.26010880;-0.00313842;-0.06396873;0.28356269;0.00762020;-0.04676524;0.06639691;0.04530667;-0.04465269;-0.01692312;-0.11962377;0.03595008;-0.04505322;0.00642769;0.09610330;0.12107979;-0.14291288;0.10578147;-0.03995698;-0.01905934;-0.08785038;-0.01038569;-0.20137867;-0.10073587;0.10807122;-0.18427554;0.16546623;0.18820959;0.02160517;0.06758223;0.01503950;-0.00914059;-0.01697688;-0.01871835;-0.14170597;-0.04300256;0.12256071;-0.01248891;0.09400534;0.05863762
7;-0.08522165;0.02253940;0.03758126;-0.02794932;-0.09995682;-0.06272647;-0.00225056;-0.17967232;0.10133252;-0.08690673;0.11769476;-0.01236673;-0.22534575;0.00139555;0.00586505;0.12451647;-0.11747939;-0.22506665;-0.07033262;-0.06749073;0.03447132;0.01748967;-0.07357252;0.14691654;-0.12182616;-0.22177790;-0.09522262;-0.10770091;-0.03428530;-0.00596593;-0.04095566;0.01790033;-0.17343557;-0.06446660;0.04174006;0.01499662;-0.05644853;-0.07715454;0.21503226;0.08933262;-0.17471330;-0.02260709;0.05579048;0.29678023;0.17565660;0.01755175;0.00157782;-0.03862785;0.11523755;-0.27083793;0.02819488;0.17710677;0.13353127;0.09666932;0.04972829;-0.11074375;0.09283758;0.10263500;-0.28813836;0.16249949;0.08359040;-0.15117228;0.04616591;-0.04392405;0.21998103;0.10068338;-0.06768812;-0.09571188;0.11580250;-0.22828384;-0.15090984;0.01483797;-0.13219787;-0.21388151;-0.33442441;-0.00698108;0.34971985;0.22806327;-0.18494324;0.01931586;-0.02376509;-0.01092799;0.18413319;0.05640141;-0.00618468;-0.03692920;-0.08017348;0.00287573;0.25332028;0.01013630;-0.04539004;0.26633248;0.00845820;-0.03533080;0.06130179;0.04988053;-0.03161554;-0.03186172;-0.11861184;0.02856394;-0.06037869;-0.01650242;0.08525727;0.08239691;-0.14449564;0.06320731;-0.02421559;-0.02707617;-0.11927406;-0.01374392;-0.20691536;-0.07174633;0.13195512;-0.21001254;0.18287387;0.18629600;0.01752703;0.04994878;-0.00653054;-0.01780835;-0.04177319;-0.07100027;-0.11400030;-0.05591059;0.11843637;-0.01462064;0.09886841;0.04776566
7;-0.08015092;0.01491986;0.04284186;-0.03843503;-0.11798523;-0.03903649;-0.02391217;-0.17678313;0.10611796;-0.13200177;0.14587303;0.01422706;-0.17725837;0.03231088;-0.01071904;0.15917104;-0.13756274;-0.20601223;-0.06337512;-0.05921564;0.02554090;0.02040116;-0.09881110;0.12987077;-0.13498299;-0.24226809;-0.09127934;-0.06420349;-0.04245601;-0.00797062;-0.04036030;0.04109453;-0.17268845;-0.00561263;0.04856266;0.04944827;-0.04994665;-0.07114955;0.18782130;0.10569260;-0.18309885;0.00716747;0.03498927;0.28957522;0.18287578;0.00338045;0.00264920;-0.02029431;0.11578690;-0.27717608;0.00779130;0.15745054;0.08670793;0.08571176;0.03733464;-0.10882440;0.06654322;0.08233130;-0.25057164;0.10562945;0.05977900;-0.15345487;0.03702451;-0.06264096;0.20860329;0.11312229;-0.08262890;-0.11449843;0.09455477;-0.22779420;-0.15286784;-0.03095402;-0.13967144;-0.21475811;-0.35151279;0.01209736;0.36700338;0.25223032;-0.19402258;0.04661026;0.01325861;-0.01368369;0.17845352;0.08508457;0.01557536;0.00524262;-0.07291164;0.01237740;0.24941322;0.01096416;-0.04992479;0.26637235;-0.01882847;-0.01877674;0.04831609;0.03497187;-0.04496737;-0.04566376;-0.12515365;-0.00514334;-0.06906004;0.02308947;0.07669210;0.11712574;-0.14166081;0.11431663;-0.05579764;-0.01844728;-0.11432962;0.02389217;-0.20028432;-0.07403515;0.11291403;-0.18715870;0.15778247;0.19481927;0.02034401;0.06863281;0.03359110;-0.02126501;-0.04421550;-0.01938468;-0.12059411;-0.06459983;0.09436737;-0.02065590;0.10584313;0.03612992
7;-0.07796600;0.02934077;0.05430924;-0.04897052;-0.11783542;-0.03696042;-0.02193552;-0.17611961;0.09738000;-0.13034444;0.13126136;-0.00254309;-0.17505884;0.03511610;-0.00493321;0.13861944;-0.13023724;-0.20655784;-0.06031330;-0.05297955;0.02889240;0.01638571;-0.08954703;0.11767251;-0.13142146;-0.23583913;-0.09103269;-0.06533300;-0.04682349;0.00502477;-0.03908362;0.04404714;-0.17464127;-0.01630192;0.03268889;0.04091255;-0.04905456;-0.05525198;0.18692188;0.08742774;-0.19261946;-0.00108439;0.05523476;0.28612050;0.20647126;0.00654392;-0.01653614;-0.01443007;0.11728363;-0.28867540;0.00448544;0.16407415;0.09213386;0.09503583;0.05401428;-0.09500302;0.08034657;0.07000644;-0.24156064;0.10211354;0.06273320;-0.15171278;0.05860709;-0.06638847;0.22132677;0.09326017;-0.07989062;-0.09431833;0.09348215;-0.21945338;-0.15107663;-0.01737026;-0.13406745;-0.20997022;-0.34779909;0.00628805;0.35146901;0.25655535;-0.19201480;0.05375505;-0.00192488;-0.02242173;0.17990962;0.08044972;0.02260507;0.00106428;-0.07301945;0.00696817;0.24867648;-0.00596963;-0.03886466;0.27546862;-0.01330854;-0.01653153;0.04741400;0.04952181;-0.04981169;-0.03876387;-0.14393900;0.00919673;-0.06855232;0.01575296;0.07035973;0.11840028;-0.14937352;0.11184555;-0.05049915;-0.01356632;-0.12080985;0.00059071;-0.18121062;-0.06707538;0.11223643;-0.19144742;0.14517927;0.18330613;-0.00143743;0.06729782;0.03317983;-0.02302177;-0.04240021;-0.03072010;-0.11606544;-0.06564683;0.09862914;-0.02298567;0.09405717;0.05068195
8;-0.00868765;0.04561264;0.04558240;0.02084316;-0.13955425;-0.13286290;0.08072717;-0.17224613;0.19640096;-0.14045534;0.13761649;0.08053402;-0.19376561;-0.02344490;-0.02245814;0.08106206;-0.08576555;-0.12646492;-0.13429683;-0.11728447;0.00177621;0.07888091;0.08020483;-0.00444796;-0.08515704;-0.24903788;-0.14523551;-0.06056061;0.17621054;-0.06549913;0.05686144;-0.00132611;-0.18033966;-0.11438765;0.00324443;-0.01690181;-0.09510703;-0.11095929;0.20718414;0.02976358;-0.20738302;0.03719881;-0.01431667;0.30596983;0.20999463;-0.06594194;0.07563823;-0.12961932;0.11582908;-0.23565148;0.11967886;0.08013011;0.05123246;0.05981233;0.09747922;-0.14306486;0.03659849;0.16930872;-0.20351458;0.16956343;0.17521903;-0.07463131;0.00151208;0.01091188;0.09905370;0.03292064;-0.06443695;-0.14339007;0.11609944;-0.28438711;-0.00684938;0.05601252;-0.06639684;-0.14009573;-0.29389572;0.01554317;0.44118696;0.18721464;-0.08980493;0.02644833;-0.11708387;0.03292039;0.10028358;0.04382413;-0.05793709;-0.04708013;-0.14841601;0.04266372;0.18693382;-0.01146694;-0.08226427;0.26078361;0.00064429;-0.06144039;0.05299430;0.08382203;-0.19778296;-0.02779993;-0.06528850;-0.03115062;0.05606104;-0.16982761;0.04098489;0.10009823;-0.17064154;0.27166873;-0.05569294;0.04184972;0.03108259;-0.04280086;-0.10319889;0.01407841;0.16881134;-0.16596070;0.26680639;0.15353867;0.00001749;0.15869668;0.03140519;0.06250929;-0.07079801;-0.02352597;-0.09896106;-0.06789996;-0.06967676;-0.04705798;0.10782118;0.06403200
8;-0.04441970;0.04430915;0.06438398;0.04152980;-0.11358784;-0.12363335;0.07017905;-0.14168529;0.17543025;-0.13992226;0.15856706;0.09050455;-0.19778265;-0.01734449;-0.03524429;0.09328850;-0.11079947;-0.12981194;-0.12530863;-0.11279444;0.03221892;0.08690484;0.07180080;-0.03409965;-0.06974332;-0.25657234;-0.14772022;-0.06707322;0.16105323;-0.04172917;0.09119249;-0.01650318;-0.15620832;-0.09391937;-0.00475602;-0.02352245;-0.08722044;-0.10017217;0.23604512;0.02867473;-0.20115313;0.01899314;-0.00195180;0.32730374;0.20971261;-0.05634764;0.06966011;-0.10483011;0.08399821;-0.27440479;0.09800295;0.08640242;0.04942819;0.07667012;0.10805297;-0.16646847;0.05212478;0.17108224;-0.18237761;0.18663017;0.13247752;-0.09808222;0.02986246;0.04508539;0.12030944;0.02083038;-0.06185153;-0.13533637;0.15077907;-0.25303870;-0.01163912;0.07182691;-0.07619811;-0.15525794;-0.29830441;0.00714326;0.46502927;0.15570155;-0.09268522;0.02939748;-0.10718321;0.02423462;0.11674149;0.05274472;-0.05762826;-0.07300334;-0.17526077;0.02870756;0.19729476;-0.01303226;-0.08999375;0.26371443;0.00763263;-0.06616198;0.07263967;0.10350627;-0.15465909;-0.02406564;-0.07901103;-0.02868276;0.06807722;-0.19638364;0.02643940;0.10386398;-0.16975842;0.23096864;-0.05231818;0.04194765;0.01630153;-0.03990865;-0.10424031;0.03719753;0.18794549;-0.16186389;0.26692826;0.18964307;-0.01699914;0.17100275;0.04049775;0.06522201;-0.07713147;-0.04032371;-0.12378585;-0.06322616;-0.10263149;-0.02323370;0.07718039;0.08661695
8;-0.04440301;0.03604883;0.06694478;0.00540046;-0.12809642;-0.13722610;0.07428250;-0.15356787;0.19163345;-0.16550280;0.14484726;0.07660308;-0.19521166;-0.01116074;-0.03378307;0.09333140;-0.12147836;-0.12611654;-0.12311295;-0.10221915;0.02016777;0.09694901;0.07969186;-0.00836137;-0.05677894;-0.25018844;-0.15163212;-0.07138671;0.17960788;-0.03712362;0.06318288;-0.00242153;-0.15904780;-0.11296168;-0.00285536;-0.01459205;-0.08846888;-0.12405580;0.23464900;0.03582025;-0.19981323;0.02119953;-0.01387411;0.32208270;0.21387680;-0.06524831;0.07126947;-0.10974691;0.11552846;-0.27683529;0.10842083;0.07928491;0.05105214;0.06012614;0.12774408;-0.16723236;0.05783134;0.16767277;-0.18520230;0.19357683;0.14890578;-0.07120081;0.04907022;0.04391540;0.11897092;0.02620999;-0.05693862;-0.13205194;0.15933919;-0.25733742;-0.01108837;0.06530894;-0.08327394;-0.13735233;-0.27903408;-0.00203898;0.45477375;0.17640175;-0.08369640;0.03223391;-0.11665746;0.01580683;0.11594339;0.05472268;-0.06333400;-0.06222314;-0.16644339;0.02712203;0.20066966;-0.00421798;-0.09187717;0.28820181;0.01420982;-0.06985670;0.07996149;0.07790919;-0.16673577;-0.03515753;-0.08781204;-0.02985547;0.07242830;-0.19758113;0.02327465;0.12195542;-0.17428029;0.22577541;-0.06767512;0.04516789;0.01419192;-0.03768760;-0.11929491;0.03379893;0.18103901;-0.14438863;0.25506335;0.17092359;-0.00515712;0.15611853;0.04165863;0.05190969;-0.05866658;-0.03760718;-0.10610926;-0.07369871;-0.07902791;-0.02115981;0.08926543;0.08975031
8;-0.09971228;0.05618470;0.03470441;0.01949648;-0.12741227;-0.11696125;0.06280313;-0.16547118;0.15594363;-0.14460927;0.12157306;0.05689941;-0.19200698;-0.02490059;-0.03416348;0.10933496;-0.12355436;-0.12373003;-0.11816980;-0.10424256;0.03962276;0.09889264;0.08875245;0.00038311;-0.06382333;-0.28243205;-0.12845427;-0.10386930;0.15375799;-0.04235361;0.08892187;-0.03278125;-0.15828420;-0.06504514;-0.00570312;-0.00592845;-0.06441993;-0.11053395;0.21187459;0.03434345;-0.18418418;0.00846772;0.00322326;0.31061098;0.21583240;-0.05443622;0.07189118;-0.12379337;0.11029430;-0.26890630;0.09792769;0.05262957;0.01881614;0.06001511;0.13132359;-0.16223517;0.06977560;0.14443836;-0.19461036;0.17443073;0.13034353;-0.07251583;0.01564854;0.03140956;0.12292152;0.03681115;-0.04047788;-0.11781459;0.14998083;-0.26059252;-0.01478355;0.03272402;-0.06879773;-0.15110335;-0.27669066;-0.00443552;0.44430470;0.22476925;-0.09491196;0.04734723;-0.09147286;0.02576264;0.12595408;0.07226782;-0.05189655;-0.06397196;-0.15648717;0.04513112;0.16667458;-0.00921755;-0.06550849;0.28471112;0.00478513;-0.06157332;0.06593792;0.05505753;-0.19069913;-0.02679999;-0.06613986;-0.06845009;0.06769517;-0.15683495;0.05983829;0.10335256;-0.17947149;0.23380361;-0.07230836;0.03156505;0.01067891;-0.04205686;-0.06854718;0.05972941;0.15549570;-0.12328331;0.25777179;0.17324659;-0.01452545;0.19264787;0.03604878;0.06347071;-0.06267136;-0.01748245;-0.12403756;-0.05128817;-0.07701012;-0.01703193;0.08112752;0.08488964
8;-0.07046811;0.03525102;0.06197003;0.03475735;-0.14481728;-0.15188816;0.07544506;-0.17208329;0.17459318;-0.15982093;0.13742453;0.05984530;-0.20115799;-0.00829285;-0.02806553;0.10107399;-0.09806097;-0.11416199;-0.12510246;-0.11847875;0.01887696;0.08645711;0.08464804;-0.02860687;-0.07652038;-0.23333625;-0.12985641;-0.07481004;0.18079622;-0.05300756;0.08351127;-0.01045100;-0.18499832;-0.10883007;-0.00222532;0.00621939;-0.08120773;-0.10833871;0.22428273;0.00147074;-0.20775531;0.01001741;-0.00995689;0.29957306;0.19097757;-0.06660241;0.05531906;-0.14246500;0.11084674;-0.24537961;0.12080988;0.05539444;0.05569065;0.06877758;0.11080353;-0.17297055;0.07517844;0.17051366;-0.21318214;0.17732523;0.17631389;-0.06320244;0.03710305;0.02313071;0.12544119;0.01551711;-0.05856564;-0.11208137;0.14873157;-0.25831696;0.00880279;0.05845047;-0.06409394;-0.15402912;-0.30571094;-0.00141790;0.42957681;0.19232433;-0.09210946;0.02032410;-0.09449425;0.01874284;0.11178779;0.06409360;-0.05345287;-0.05623114;-0.13304979;0.04238361;0.17827514;-0.01026568;-0.08220673;0.27446520;0.00961824;-0.07758646;0.04990318;0.06829075;-0.18566392;-0.03789741;-0.06508414;-0.03288294;0.05854582;-0.19214369;0.04545293;0.12100847;-0.17775391;0.25152445;-0.06317772;0.04278840;0.01266951;-0.04143294;-0.09121152;0.03685381;0.17280900;-0.15012522;0.28849956;0.16847706;-0.01123027;0.17386717;0.03037793;0.06719780;-0.05976440;-0.01433222;-0.11717775;-0.06014237;-0.07216174;-0.05279523;0.11003155;0.10102602
